src	trg	degree
Sondergaard	Jon Vejlemand	14
Sondergaard	Robin Che	14
Sondergaard	Anton Westerlin	87
Sondergaard	Kristian Rose	15
Sondergaard	Nomi & Loke	14
Sondergaard	Frommerjoe	14
Sondergaard	Lucas (DNK)	14
Sondergaard	Uden Filter	14
Sondergaard	Nikolaj Pellegrini	14
Sondergaard	MAANE	14
Sondergaard	Tobias Elkær	14
Sondergaard	Vejlemand	14
Sondergaard	Albert Heath	36
Denmark Vessey	Big Sen	36
Denmark Vessey	Merrill Garbus	36
Denmark Vessey	Earl Sweatshirt	36
Denmark Vessey	Chris Keys	36
Denmark Vessey	Quelle Chris	36
Denmark Vessey	E L U C I D	36
Denmark Vessey	Ronnie “Hands” Palmolive	36
Denmark Vessey	Maurese	36
Denmark Vessey	Cavalier	36
Denmark Vessey	Iman Omari	36
Denmark Vessey	Goose of Wasted Youth	36
Denmark Vessey	Vic Spencer	36
Denmark Vessey	DrxQuinnX	36
Denmark Vessey	​randomblackdude	36
Denmark Vessey	ADäD	36
Denmark Vessey	J Jig Cicero	36
Denmark Vessey	T-White	36
Denmark Vessey	​eLZhi	36
Denmark Vessey	Knxwledge	36
Denmark Vessey	Azarias	36
Denmark Vessey	Exile	36
Denmark Vessey	Tha God Fahim	36
Denmark Vessey	Yasiin Bey	36
Denmark Vessey	Crown Nation	36
Denmark Vessey	Gensu Dean	36
Denmark Vessey	Open Mike Eagle	36
Denmark Vessey	Conway the Machine	36
Denmark Vessey	MC Tree G	36
Denmark Vessey	Scud One	36
Denmark Vessey	Fresh Daily	36
Denmark Vessey	Tanya Morgan	36
Denmark Vessey	Mach-Hommy	36
Denmark Vessey	Guilty Simpson	36
Denmark Vessey	Sene	36
Denmark Vessey	Blu	36
Mumle	Svea S	15
Mumle	Oochie	17
Mumle	Jesper “Vivid” Vestergaard	18
Mumle	Magnus Østergaard	13
Mumle	Mark Steinbach	13
Mumle	Tim Steinbach	13
Mumle	Frederik Carstens	15
Mumle	Samuel Ledet	16
Mumle	Marcus.wav	14
Mumle	Berg (DNK)	13
Mumle	Orgi-E	26
Mumle	Andreas “Maskinen” Sommer	19
D1MA	Martin René	20
D1MA	Kasper Svare	23
D1MA	Villads Sofus Bertelsen	22
D1MA	Miggy Dela Rosa	19
D1MA	Frederik Thaae	27
D1MA	Østen	30
D1MA	Anton Westerlin	92
D1MA	Nolan Sarnicki	20
D1MA	Frank Moses	20
D1MA	Encore (Producer)	20
D1MA	Alibi (Producer)	20
D1MA	Nicki Pooyandeh	35
D1MA	SYL	19
D1MA	VC Barre	19
D1MA	Clara Sofie	23
D1MA	KEWAN LIGGER BEATET NORMALT	37
D1MA	Oliver Cilwik	25
D1MA	Tobias Rahim	76
Saveus	Coach & Sendo	26
Saveus	Arni Bergmann  Johannsson	26
Saveus	Simon MacGregor	26
Saveus	이수만 (Lee Soo Man)	26
Saveus	Fridolin Nordsø	38
Saveus	Frederik Nordsø	36
Saveus	JINBYJIN (진바이진)	26
Saveus	Park Geun Tae (박근태)	26
Saveus	カミカオル (KAMIKAORU)	26
Saveus	Frederik Thaae	34
Saveus	Harry Sommerdahl	26
Saveus	Søren Buhl Lassen	28
Saveus	Thomas Troelsen	26
Saveus	Remee	30
Saveus	Andrew Jackson	26
Saveus	임광욱 (Kei Lim)	26
Saveus	Mafly	26
Saveus	Nadine Coyle	26
Saveus	Jonathan Elkær	33
Saveus	Daniel Caesar (of Caesar & Loui)	26
Saveus	Ludwig Lindell	26
Saveus	전간디 (Jeon Gan Dhi)	26
Saveus	Christopher Luke Biddiscombe	26
Saveus	Bayboy Too Real	26
Saveus	Gilli	103
Ukendt Kunstner	Jens Ole McCoy	48
Ukendt Kunstner	Sivas	59
Ukendt Kunstner	Jesper “Vivid” Vestergaard	42
Ukendt Kunstner	Murro	43
Ukendt Kunstner	T-Minus	38
Ukendt Kunstner	Tue Track	44
Ukendt Kunstner	Lord Siva	82
Ukendt Kunstner	David Lincoln	38
Ukendt Kunstner	Rebecca Christel	38
Ukendt Kunstner	KESI	108
Ukendt Kunstner	Kimbo	45
Ukendt Kunstner	Gilli	114
Ukendt Kunstner	Semphiz	48
Ukendt Kunstner	Silas Moldenhawer	38
Ukendt Kunstner	Nick Kold Eriksen	38
Ukendt Kunstner	Ghost Notes	38
Ukendt Kunstner	Stepz (DNK)	48
Ukendt Kunstner	K.N.O.X. (DNK)	42
Ukendt Kunstner	Gio (DNK)	48
Ukendt Kunstner	Branco	132
Ukendt Kunstner	Tjes	42
Ukendt Kunstner	Sultan	42
Ukendt Kunstner	Ataf Khawaja	45
Ukendt Kunstner	ATYPISK	80
Ukendt Kunstner	Stat-Ez	44
Ukendt Kunstner	Skurken	46
Ukendt Kunstner	Mass Ebdrup	43
Ukendt Kunstner	Danny Davinci	42
Ukendt Kunstner	Artigeardit	100
Ukendt Kunstner	Caroline Henderson	38
Ukendt Kunstner	​tais	44
Ukendt Kunstner	F.P. Jac	37
Ukendt Kunstner	Morten McCoy	39
Ukendt Kunstner	Helge Rode	37
Ukendt Kunstner	Benny Jamz	91
Ukendt Kunstner	Hans Philip	94
Suspekt	Rune Rask	134
Suspekt	Troo.L.S.	38
Suspekt	Jonas Vestergaard	37
Suspekt	Lukas Graham	44
Suspekt	Tessa	83
Suspekt	Jooks	72
Suspekt	Benjamin Hav	120
Suspekt	TooManyLeftHands	37
Suspekt	Tina Dickow	37
Suspekt	Folkeklubben	44
Suspekt	Simon Jul	39
Suspekt	Fribytterdrømme	37
Suspekt	Xander Linnet	93
Suspekt	Benal	53
Suspekt	Olle Häggberg	36
Suspekt	Albert (DNK)	40
Suspekt	L.O.C.	45
Suspekt	Anne Linnet	39
Suspekt	USO	37
Suspekt	Marwan	41
Suspekt	Hennedub	47
Suspekt	URO	36
Suspekt	Mikael Simpson	45
Suspekt	HEDEGAARD	41
Suspekt	LX (DNK)	35
Suspekt	Bryxtofte	37
Suspekt	Aqua	36
Suspekt	Søren Kjærgaard	36
Suspekt	Louis Winding	39
Suspekt	Clemens	41
Suspekt	Kælderposen	36
Suspekt	KÅ (DNK)	38
Suspekt	Sidste Niveau	36
Suspekt	Tobias Rahim	92
Blæst	Samuel Ledet	23
Blæst	Valentin Buchwald	20
Blæst	Bjórn & Scheffmann	23
Blæst	Emil Harm	29
Blæst	Lamin	35
Blæst	Pitchshifters	22
Blæst	Mads Dyrst	20
Blæst	Frederik Nordsø	30
Blæst	Fridolin Nordsø	32
Blæst	Lauge Kjærulf	20
Blæst	Karl-Frederik Reichhardt	24
Blæst	Kvindelandsholdet	20
Blæst	Artigeardit	83
Blæst	Emil Falk	27
Blæst	Dusin	20
Blæst	SVEA	21
Blæst	Fernanda Rosa	20
Blæst	Anders Bondo	20
Blæst	Branco	115
KESI	B.O.C	79
KESI	Gilli	150
KESI	Sivas	95
KESI	Hennedub	85
KESI	Benny Jamz	127
KESI	Branco	168
KESI	Don Stefano	79
KESI	Hans Philip	130
KESI	Nicki Pooyandeh	89
KESI	Lamin	88
KESI	MAS	81
KESI	Kundo	76
KESI	Kimbo	81
KESI	MellemFingaMuzik	97
KESI	Young (DNK)	79
KESI	KIDD (DNK)	82
KESI	Jesper “Vivid” Vestergaard	78
KESI	Carl Barsk	80
KESI	Jens Ole McCoy	84
KESI	Noah Carter	118
KESI	Stepz (DNK)	84
KESI	Emil Ekelund	73
KESI	Mass Ebdrup	79
KESI	Rasmus Seebach	103
KESI	Skinz (DNK)	79
KESI	ICEKIID	126
KESI	Artigeardit	136
KESI	Semphiz	84
KESI	Stat-Ez	80
KESI	Jada	78
KESI	​​andreas odbjerg	80
KESI	Rob & Jenne	81
KESI	Asmus Harm	81
KESI	Chords	73
KESI	Lord Siva	118
KESI	Barbara Moleko	79
KESI	Adam Sampler	75
KESI	Clemens	79
KESI	Ataf Khawaja	81
KESI	ATYPISK	116
KESI	Lea Romea	75
KESI	Suriya	73
KESI	Emil Harm	82
KESI	KayReem Sylvest	76
KESI	​Johnson	79
KESI	Thor Farlov	111
KESI	Sofia Storck	73
KESI	Anton Westerlin	146
KESI	Emil Goll	73
KESI	Orgi-E	86
KESI	Faza	73
KESI	August Rosenbaum	77
KESI	​tais	80
KESI	Ish (DNK)	75
KESI	BAYA	74
KESI	DJ Phil	74
KESI	MAISHA (DNK)	74
KESI	Pernille Rosendahl	73
KESI	Sara Sadiq Frost	74
KESI	Wafande	80
KESI	Bai-D	79
KESI	Burhan G	153
KESI	Tessa	121
KESI	Tobias Rahim	130
KESI	Nik & Jay	111
KESI	Anthon Edwards	119
KESI	Brandon Beal	131
KESI	TopGunn	151
KESI	Xander Linnet	131
KESI	Carmon	135
KESI	Citybois	102
Gilli	Jens Ole McCoy	90
Gilli	MellemFingaMuzik	103
Gilli	Benny Jamz	133
Gilli	Hennedub	91
Gilli	NODE	104
Gilli	B.O.C	85
Gilli	Sivas	101
Gilli	Nicki Pooyandeh	95
Gilli	Branco	174
Gilli	Lukas Graham	88
Gilli	Murro	85
Gilli	6ix9ine	82
Gilli	KEWAN LIGGER BEATET NORMALT	97
Gilli	ICEKIID	132
Gilli	Noah Carter	124
Gilli	Kimbo	87
Gilli	Semphiz	90
Gilli	Toko	79
Gilli	Young (DNK)	85
Gilli	KIDD (DNK)	88
Gilli	Stepz (DNK)	90
Gilli	Lamin	94
Gilli	T&O	90
Gilli	Benjamin Hav	164
Gilli	Skurken	88
Gilli	Mr Eazi	79
Gilli	JOSVA	84
Gilli	K.N.O.X. (DNK)	84
Gilli	Gio (DNK)	90
Gilli	Tjes	84
Gilli	Sultan	84
Gilli	Ataf Khawaja	87
Gilli	ATYPISK	122
Gilli	Stat-Ez	86
Gilli	Mass Ebdrup	85
Gilli	Danny Davinci	84
Gilli	Amina	80
Gilli	Rasmus Seebach	109
Gilli	Nafe Smallz	80
Gilli	Daks (FRA)	80
Gilli	Miklo (DNK)	79
Gilli	GULEED	80
Gilli	Prinsess Jorge	79
Gilli	Hans Philip	136
Gilli	Clemens	85
Gilli	Malek (DNK)	80
Gilli	Hennen Beats	79
Gilli	Xander Linnet	137
Gilli	Thøger Dixgaard	82
Gilli	Cisilia	83
Gilli	Nabiha	80
Gilli	Anne Linnet	83
Gilli	Wafande	86
Gilli	Raske Penge	81
Gilli	Mette Lindberg	81
Gilli	Lucas Secon	79
Gilli	Govana	80
Gilli	​Denz	79
Gilli	Pato Pooh	79
Gilli	Orgi-E	92
Gilli	Makar	79
Gilli	BAYA	80
Gilli	DJ Phil	80
Gilli	Lukas Forchhammer	81
Gilli	Stanley Most	82
Gilli	Ethanol (DNK)	79
Gilli	Kasperbroue	79
Gilli	Thomas T	79
Gilli	MagerMayn	79
Gilli	Burhan G	159
Gilli	Nik & Jay	117
Gilli	Anton Westerlin	152
Gilli	Thor Farlov	117
Gilli	Sleiman	117
Gilli	Carmon	141
Rasmus Seebach	Seebach & Seebach	37
Rasmus Seebach	PhD	33
Rasmus Seebach	Ankerstjerne	101
Rasmus Seebach	Andreas “Maskinen” Sommer	38
Rasmus Seebach	Providers	38
Rasmus Seebach	Jonas Jeberg	32
Rasmus Seebach	Artigeardit	95
Rasmus Seebach	Peter Biker	35
Rasmus Seebach	Remee	36
Rasmus Seebach	Nik & Jay	70
Rasmus Seebach	Martin Sommer	33
Rasmus Seebach	B.O.C	38
Rasmus Seebach	Bjørnskov	34
Rasmus Seebach	Nicky Namah Furdal	34
Rasmus Seebach	Grizzle	32
Rasmus Seebach	Burhan G	112
Rasmus Seebach	Ianick	33
Rasmus Seebach	​​andreas odbjerg	39
Rasmus Seebach	Nicolai Seebach	32
Rasmus Seebach	Simon Sigfridsson	34
Rasmus Seebach	Svea S	34
Rasmus Seebach	Omar (DNK)	34
Rasmus Seebach	Jimilian	75
Rasmus Seebach	Fridolin Nordsø	44
Rasmus Seebach	FEJER	34
Rasmus Seebach	Esben “Es” Thornhal	36
Rasmus Seebach	Detail	32
Rasmus Seebach	Johanne Milland	33
Rasmus Seebach	Benny Jamz	86
Burhan G	Frida Brygmann	83
Burhan G	Nik & Jay	120
Burhan G	Medina (DNK)	87
Burhan G	Jooks	119
Burhan G	L.O.C.	92
Burhan G	Jens Rugsted	82
Burhan G	Thomas Helmig	85
Burhan G	Shaka Loveless	87
Burhan G	Ankerstjerne	151
Burhan G	Fedde Le Grand	82
Burhan G	Ezi Cut	83
Burhan G	KIDD (DNK)	91
Burhan G	Tobias Rahim	139
Burhan G	Jon & Jules	86
Burhan G	Seebach & Seebach	87
Burhan G	Peter Biker	85
Burhan G	Remee	86
Burhan G	Kasper Larsen	83
Burhan G	Ole Brodersen Meyer	83
Burhan G	Bjørnskov	84
Burhan G	B.O.C	88
Burhan G	Tessa	130
Burhan G	Pharfar	85
Burhan G	Xander Linnet	140
Burhan G	Caroline Franceska	83
Burhan G	NODE	107
Burhan G	Joey Moe	168
Burhan G	Rasmus Nøhr	83
Burhan G	Kinck	83
Burhan G	Claus Seest	83
Burhan G	Ben Thompson (DNK)	83
Burhan G	Salazar (DNK)	85
Burhan G	Isaac Kasule	85
Burhan G	Nicki Pooyandeh	98
Burhan G	Providers	88
Burhan G	Flemming Jensen	82
Burhan G	Hans Dal	82
Burhan G	Louis Winding	86
Burhan G	Frederik Nordsø	92
Burhan G	Eivør	84
Burhan G	Sarah West	84
Burhan G	Cisilia	86
Burhan G	Liive	82
Burhan G	Jimilian	125
Burhan G	Stepz (DNK)	93
Burhan G	Sivas	104
Burhan G	Outlandish	84
Burhan G	Fridolin Nordsø	94
Burhan G	Pil (DNK)	83
Burhan G	Jo Blaq	83
Burhan G	Flemming “Bamse” Jørgensen	82
Burhan G	Tommie Connor	82
Burhan G	Charli Brown (Rapper)	82
Burhan G	KEWAN LIGGER BEATET NORMALT	100
Burhan G	Jannik “Jay” Thomsen	83
Burhan G	Niclas “Nik” Petersen	83
Burhan G	Cornstick	83
Burhan G	Carl Knast	86
Burhan G	Alberte	85
Burhan G	Vilhelm Gregersen	82
Burhan G	Oh Land	82
Burhan G	Mogens Lorentzen	82
Burhan G	Egil Harder	82
Burhan G	LARS (DNK)	83
Burhan G	Orgi-E	95
Burhan G	Robert Wells	82
Burhan G	Mel Tormé	82
Burhan G	B. S. Ingemann	82
Burhan G	Franz Xaver Gruber	82
Burhan G	Tony Walther	82
Burhan G	René Cambony	85
Burhan G	Ida Corr	82
Burhan G	Walter Kent	82
Burhan G	Buck Ram	82
Burhan G	Kim Gannon	82
Burhan G	Waqas	82
Burhan G	Anthon Edwards	128
Burhan G	Karl William	118
Mikael Simpson	Ane Trolle	12
Mikael Simpson	Alice Carreri	12
Mikael Simpson	Frithjof Toksvig	12
Mikael Simpson	Jørgen Leth	12
Mikael Simpson	Klaus Q. Hedegaard	12
Mikael Simpson	Kenneth Andersen	12
Mikael Simpson	Ben Hillier	12
Mikael Simpson	Asger Baden	12
Mikael Simpson	Peder	12
Mikael Simpson	Rune Rask	111
Tessa	KayReem Sylvest	53
Tessa	Lille Høg	52
Tessa	Orgi-E	63
Tessa	Nicki Pooyandeh	66
Tessa	Christopher	55
Tessa	Mads Langer	115
Tessa	Lukas Graham	59
Tessa	Jada	55
Tessa	Don Stefano	56
Tessa	Saint clara	53
Tessa	Benjamin Hav	135
Tessa	Benjamin Lasnier	53
Tessa	Pilfinger	57
Tessa	Balken	53
Tessa	Søren-William Hardam Nohns	54
Tessa	Esben Zefting	54
Tessa	Karen Mukupa	50
Tessa	Søs Fenger	52
Tessa	Hooman Beats	52
Tessa	LEVON	52
Tessa	TopGunn	128
Tessa	T&O	61
Tessa	KEWAN LIGGER BEATET NORMALT	68
Tessa	DJ Aligator	50
Tessa	ICEKIID	103
Tessa	Asmus Harm	58
Tessa	Emil Harm	59
Tessa	Livid	59
Tessa	Azhar Saleh	50
Tessa	LukasBL	56
Tessa	Lamin	65
Tessa	Benny Jamz	104
Tessa	Asbjørn	51
Tessa	Jamie Kamara	52
Tessa	Anton Westerlin	123
Tessa	Pierre	50
Tessa	Denise joan	50
Tessa	Buse - Coffee and Crescendos	50
Tessa	Romy	50
Tessa	Mark de Groot	50
Tessa	Davey	50
Tessa	Sneak (Dutch)	50
Tessa	Stijn	50
Tessa	Ankerstjerne	119
Tessa	Karl William	86
Tessa	Rune Rask	149
Benny Jamz	MellemFingaMuzik	80
Benny Jamz	B.O.C	62
Benny Jamz	Branco	151
Benny Jamz	Sivas	78
Benny Jamz	Ish (DNK)	58
Benny Jamz	​tais	63
Benny Jamz	Nicki Pooyandeh	72
Benny Jamz	Hennedub	68
Benny Jamz	Lamin	71
Benny Jamz	MAS	64
Benny Jamz	Kundo	59
Benny Jamz	Kimbo	64
Benny Jamz	Albino	56
Benny Jamz	Stepz (DNK)	67
Benny Jamz	Noah Carter	101
Benny Jamz	T&O	67
Benny Jamz	Hossy	63
Benny Jamz	K.N.O.X. (DNK)	61
Benny Jamz	Gio (DNK)	67
Benny Jamz	Semphiz	67
Benny Jamz	Tjes	61
Benny Jamz	Sultan	61
Benny Jamz	Ataf Khawaja	64
Benny Jamz	ATYPISK	99
Benny Jamz	Stat-Ez	63
Benny Jamz	Skurken	65
Benny Jamz	Mass Ebdrup	62
Benny Jamz	Danny Davinci	61
Benny Jamz	AMRO	58
Benny Jamz	Packness	56
Benny Jamz	Malek (DNK)	57
Benny Jamz	Anton Westerlin	129
Benny Jamz	Jacobsen	57
Benny Jamz	Lord Siva	101
Benny Jamz	Govana	57
Benny Jamz	Adam Sampler	58
Benny Jamz	Jesper “Vivid” Vestergaard	61
Benny Jamz	Orgi-E	69
Benny Jamz	Mike Lowrey	66
Benny Jamz	Oliver Zoéga	58
Benny Jamz	Lukas Forchhammer	58
Benny Jamz	KIDD (DNK)	65
Benny Jamz	Stanley Most	59
Benny Jamz	FSL	56
Benny Jamz	Wafande	63
Benny Jamz	Skinz (DNK)	62
Benny Jamz	Hans Philip	113
Benny Jamz	NODE	81
Benny Jamz	Jamaika	92
Benny Jamz	Carmon	118
Gobs	Jeppe Rønn	37
Gobs	UPNORTH	35
Gobs	One Two	35
Gobs	Mike Lowrey	45
Gobs	Jimilian	78
Gobs	Oochie	39
Gobs	Kephoi	41
Gobs	J.R. (DNK)	35
Gobs	David Björk	35
Gobs	Carl-Philip Ström	35
Gobs	Frederik Smith-Petersen	35
Gobs	NODE	60
Gobs	Jesper “Vivid” Vestergaard	40
Gobs	Ramz (DNK)	36
Gobs	Hjalmer	35
Gobs	Thomas Helmig	38
Gobs	Ricky Rich	38
Gobs	Lasse Skriver	35
Gobs	Fouli	43
Gobs	MAS	43
Gobs	ICEKIID	88
Gobs	Lukas Visti	35
Gobs	Aitch	35
Gobs	Branco	130
Gobs	Lasse Kristensen	35
Gobs	Mike Lowery	35
Gobs	Mads Langer	100
Gobs	Jamaika	71
Gobs	Hkeem	36
Gobs	PON CHO	35
Gobs	Ericka Jane	35
Gobs	Daniel Scheffmann	36
Gobs	Ole Bjørn	38
Gobs	Malte Ebert	68
Joey Moe	Jon & Jules	92
Joey Moe	Kasper Falkenberg	89
Joey Moe	Ole Brodersen Meyer	89
Joey Moe	Kasper Larsen	89
Joey Moe	Morten Casual	88
Joey Moe	Rune Braager	88
Joey Moe	Daniel Lund Jørgensen	88
Joey Moe	Lasse Baunkilde	88
Joey Moe	Puma	90
Joey Moe	Jay Made	91
Joey Moe	Cas (DNK)	89
Joey Moe	Young (DNK)	94
Joey Moe	Tue Track	95
Joey Moe	​Johnson	94
Joey Moe	Jøden	90
Joey Moe	J-Spliff	90
Joey Moe	Per Vers	91
Joey Moe	Niarn	91
Joey Moe	Jonny Hefty	91
Joey Moe	L.O.C.	98
Joey Moe	Mester Jacob	91
Joey Moe	Pede B	274
Joey Moe	Majid	89
Joey Moe	Marwan	94
Joey Moe	Ataf Khawaja	96
Joey Moe	Alex Ambrose	90
Joey Moe	Nik & Jay	126
Joey Moe	Anders Matthesen	88
Joey Moe	Michell Berthou	88
Joey Moe	Cisilia	92
Joey Moe	Lasse Lindorff	88
Joey Moe	Thomas Sardorff	88
Joey Moe	Barbara Moleko	94
Joey Moe	Carl Altino	91
Joey Moe	Ankerstjerne	157
Joey Moe	Hooman Beats	90
Joey Moe	DIBSET	88
Joey Moe	Nexus Music	88
Joey Moe	Pete Fox	88
Joey Moe	Kay & Ndustry	88
Joey Moe	Zenia Jeanine	88
Joey Moe	Kaliber (DNK)	89
Joey Moe	Fridolin Nordsø	100
Joey Moe	Can Cetin	89
Joey Moe	AlsBeatz	89
Joey Moe	Nadia Malm	88
Joey Moe	Tony Catania	88
Joey Moe	John Larkin	88
Joey Moe	Jørgen Olsen	88
Joey Moe	Rasmus Nøhr	89
Joey Moe	MORTEN (DNK)	90
Joey Moe	Clemens	94
Joey Moe	Lupe Moe	88
Joey Moe	Danmark	88
Joey Moe	Jeanette Zeniia	88
Joey Moe	Uno Svenningsson	88
Joey Moe	Søs Fenger	90
Joey Moe	Khani	88
Joey Moe	Jeffrey (DNK)	88
Joey Moe	V (DNK)	88
Joey Moe	Wafande	95
Joey Moe	Mattias Kolstrup	88
Joey Moe	B-Case	88
Joey Moe	Nick McCord	88
Joey Moe	Mad Mark	88
Joey Moe	Claes Antonsen	88
Joey Moe	Dice (DNK)	88
Joey Moe	Saqib	89
Joey Moe	Xander Linnet	146
Joey Moe	L.I.G.A	88
Joey Moe	Peter Pilegaard	88
Joey Moe	Rasmus Thude	88
Joey Moe	Sune Starfeldt	88
Joey Moe	Jokeren	91
Joey Moe	Anne Linnet	92
Joey Moe	Lina Rafn	89
Joey Moe	Paw Lagermann	88
Joey Moe	Adam Powers	88
Joey Moe	Rocky Moe	88
Joey Moe	Thomas Volmer Shulz	88
Joey Moe	Klemmesen&Mo	88
Joey Moe	Svenstrup & Vendelboe	89
Joey Moe	13Beats	88
Joey Moe	Alexander Odden	88
Joey Moe	Allan Mortensen	88
Joey Moe	Ude Af Kontrol	104
Djämes Braun	TopGunn	95
Djämes Braun	Nonsens	18
Djämes Braun	Pilfinger	24
Djämes Braun	Specktors	18
Djämes Braun	Mette Lindberg	19
Djämes Braun	Steggerbomben	17
Djämes Braun	Shaka Loveless	22
Djämes Braun	Klumben	21
Djämes Braun	Niklas	18
Djämes Braun	Yo Johnny	18
Djämes Braun	Barbara Moleko	23
Djämes Braun	William Bry	17
Djämes Braun	Kent Pedersen	17
Djämes Braun	Marty James	17
Djämes Braun	Ude Af Kontrol	33
Djämes Braun	Fouli	25
Benjamin Hav	Albert (DNK)	92
Benjamin Hav	Lukas Graham	96
Benjamin Hav	Christopher	92
Benjamin Hav	Mads Langer	152
Benjamin Hav	Jada	92
Benjamin Hav	Don Stefano	93
Benjamin Hav	Saint clara	90
Benjamin Hav	TooManyLeftHands	89
Benjamin Hav	Pind	89
Benjamin Hav	Lasse Joen Sørensen	88
Benjamin Hav	Peter A.G.	88
Benjamin Hav	Simon Dyrberg von Spreckelsen	87
Benjamin Hav	Nonsens	88
Benjamin Hav	Emil Falk	94
Benjamin Hav	Wads	89
Benjamin Hav	Emil Kruse	125
Benjamin Hav	Skurken	96
Benjamin Hav	Sivas	109
Benjamin Hav	MellemFingaMuzik	111
Benjamin Hav	Bashir Billow	89
Benjamin Hav	Er De Sjældne	88
Benjamin Hav	JOSVA	92
Benjamin Hav	Orgi-E	100
Benjamin Hav	Artigeardit	150
Benjamin Hav	Carl Knast	91
Benjamin Hav	Cecilie Noer	88
Benjamin Hav	Katinka Band	88
Benjamin Hav	Clara Sofie	91
Benjamin Hav	LittGloss	88
Benjamin Hav	Ella Augusta	89
Benjamin Hav	Medina (DNK)	92
Benjamin Hav	HEDEGAARD	93
Benjamin Hav	Lamin	102
Benjamin Hav	Takjacob	87
Benjamin Hav	Carsten Heller	89
Benjamin Hav	KÅ (DNK)	90
Benjamin Hav	Søren Huss	88
Benjamin Hav	Marie Key	88
Benjamin Hav	Nixen	117
Benjamin Hav	Pede B	273
Benjamin Hav	Søren Jensen Buhl	88
Benjamin Hav	Tobias Rahim	144
Benjamin Hav	Esben Iversen	88
Benjamin Hav	Christian Finne	87
Benjamin Hav	Wayz (DNK)	87
Benjamin Hav	Benal	105
Benjamin Hav	DJ Noize	91
Benjamin Hav	Novum	90
Benjamin Hav	MarcieFresh	90
Benjamin Hav	Liv Lykke	88
Benjamin Hav	Semphiz	98
Benjamin Hav	Loke Deph	92
Benjamin Hav	Fred The Future	88
Benjamin Hav	Simon Jul	91
Benjamin Hav	Tina Dickow	89
Benjamin Hav	Benjamin Hav & Familien	87
Benjamin Hav	Pilfinger	94
Benjamin Hav	LukasBL	93
Benjamin Hav	Andreas Ringblom	87
Benjamin Hav	Zookeepers	87
Benjamin Hav	L.O.C.	97
Benjamin Hav	Tue Track	94
Benjamin Hav	Mr. Mo (DNK)	89
Benjamin Hav	​larry lovløs	88
Benjamin Hav	Stanley Most	90
Benjamin Hav	Esben “Es” Thornhal	91
Benjamin Hav	LuxXx	90
Benjamin Hav	Laura Petersen	88
Benjamin Hav	5FingaDisKount	87
Benjamin Hav	Mike Raw	89
Benjamin Hav	Shaman E. Twain	87
Benjamin Hav	EE (DNK)	88
Benjamin Hav	Inspired (DNK)	87
Benjamin Hav	Donnie Deee	87
Benjamin Hav	Face (DNK)	91
Benjamin Hav	MikL (DNK)	88
Benjamin Hav	Cab (DNK)	89
Benjamin Hav	Anton Westerlin	160
Benjamin Hav	Branco	182
Benjamin Hav	TopGunn	165
Benjamin Hav	Karl William	123
Benjamin Hav	Lord Siva	132
Benjamin Hav	Rune Rask	186
Tobias Rahim	​​andreas odbjerg	66
Tobias Rahim	ICEKIID	112
Tobias Rahim	Arto Eriksen	61
Tobias Rahim	Søren Bech	60
Tobias Rahim	Jacob Brøndlund	60
Tobias Rahim	Fridolin	59
Tobias Rahim	Frederik Nordsø	69
Tobias Rahim	Ben Legit	61
Tobias Rahim	Victor Leksell	59
Tobias Rahim	KIDD (DNK)	68
Tobias Rahim	ZK	96
Tobias Rahim	AySay	60
Tobias Rahim	JOSVA	64
Tobias Rahim	Velour (DNK)	60
Tobias Rahim	Fridolin Nordsø	71
Tobias Rahim	Niels Brandt	61
Tobias Rahim	Delara	59
Tobias Rahim	Klumben	63
Tobias Rahim	Ida Laurberg	61
Tobias Rahim	Artigeardit	122
Tobias Rahim	Mille	60
Tobias Rahim	Fred The Future	60
Tobias Rahim	Marvin S	60
Tobias Rahim	Lamin	74
Tobias Rahim	Barcode Brothers	59
Tobias Rahim	Anton Westerlin	132
Tobias Rahim	Kabusa Oriental Choir	59
Tobias Rahim	Chief 1	62
Tobias Rahim	Alexander Palm	59
Tobias Rahim	Frederik Carstens	61
Tobias Rahim	Emil Falk	66
Tobias Rahim	Denzil “DR” Remedios	59
Tobias Rahim	Adam Hillebrandt	67
Tobias Rahim	Awinbeh	61
Tobias Rahim	Emil Kruse	97
Tobias Rahim	Marwan	65
Tobias Rahim	Mattias Kalstrup	59
Tobias Rahim	Hennedub	71
Tobias Rahim	Molly Sandén	59
Tobias Rahim	Oliver Cilwik	65
Tobias Rahim	KÅ (DNK)	62
Tobias Rahim	Mingus Eriksen	59
Tobias Rahim	NamahFalcon	59
Tobias Rahim	Emil Rønnow	59
Tobias Rahim	Fresh-I	63
Tobias Rahim	Carl Knast	63
Tobias Rahim	Zuloo	59
Tobias Rahim	Camilo Fernandez	59
Tobias Rahim	Andreas Iversen	59
Tobias Rahim	Cyno MC	59
Tobias Rahim	Mighty One	59
Tobias Rahim	Yerki	59
Tobias Rahim	Ankerstjerne	128
Artigeardit	Adam Hillebrandt	73
Artigeardit	Lamin	80
Artigeardit	Mike Lowrey	75
Artigeardit	Kephoi	71
Artigeardit	Rob & Jenne	73
Artigeardit	Frederik Thaae	73
Artigeardit	Anton Westerlin	138
Artigeardit	MIC (DNK)	66
Artigeardit	LEVON	67
Artigeardit	KEWAN LIGGER BEATET NORMALT	83
Artigeardit	Marcus Gordon	66
Artigeardit	Barselona	75
Artigeardit	Marius Iversen	66
Artigeardit	Alfred Thomas	67
Artigeardit	Karl William	101
Artigeardit	Orgi-E	78
Artigeardit	Carl Knast	69
Artigeardit	JOSVA	70
Artigeardit	Sivas	87
Artigeardit	Lukas Graham	74
Artigeardit	Vera	69
Artigeardit	MØ	66
Artigeardit	Balken	68
Artigeardit	Christos (DNK)	65
Artigeardit	Medina (DNK)	70
Artigeardit	ICEKIID	118
Artigeardit	Gordon Ramz	68
Artigeardit	Carmon	127
Artigeardit	Ida Laurberg	67
Artigeardit	MAS	73
Artigeardit	FRAADS	65
Artigeardit	Noah Carter	110
Artigeardit	Awinbeh	67
Artigeardit	Jamie Kamara	67
Artigeardit	Murro	71
Artigeardit	Lord Siva	110
Artigeardit	Gio (DNK)	76
Artigeardit	Jimilian	108
Artigeardit	Jelassi	66
Artigeardit	CC (DNK)	65
Artigeardit	​​andreas odbjerg	72
Artigeardit	Lea Romea	67
Artigeardit	GUSTO (DNK)	65
Artigeardit	Fazli	65
Artigeardit	Moon Afflick	67
Artigeardit	Edon	65
Artigeardit	Nicki Pooyandeh	81
Artigeardit	Barbara Moleko	71
Artigeardit	August Høyen	67
Artigeardit	Bette	68
Artigeardit	Jens Ole McCoy	76
Artigeardit	Johnny Juliano	65
Artigeardit	Cardo Got Wings	65
Artigeardit	Livid	74
Artigeardit	Hans Philip	122
Artigeardit	Branco	160
Artigeardit	Ankerstjerne	134
Artigeardit	Pede B	251
Nik & Jay	Jon & Jules	44
Nik & Jay	Jannik “Jay” Thomsen	41
Nik & Jay	Niclas “Nik” Petersen	41
Nik & Jay	Andreas “Maskinen” Sommer	46
Nik & Jay	Thomas Anderson	40
Nik & Jay	Puma	42
Nik & Jay	Claus Holm	40
Nik & Jay	MORTEN (DNK)	42
Nik & Jay	Rewan Riko	40
Nik & Jay	Julie Berthelsen	40
Nik & Jay	Landsholdet	41
Nik & Jay	Young (DNK)	46
Nik & Jay	KIDD (DNK)	49
Nik & Jay	Seebach & Seebach	45
Nik & Jay	Peter Biker	43
Nik & Jay	Remee	44
Nik & Jay	Niels Kirk	42
Nik & Jay	L.O.C.	50
Nik & Jay	Klaus Christensen	40
Nik & Jay	Lisa Rowe	40
Nik & Jay	Søren Huss	41
Nik & Jay	Seeloya	40
Nik & Jay	Tony Lavidas	40
Nik & Jay	Thomas Andersson	40
Nik & Jay	Eivør	42
Nik & Jay	Kristian Leth	41
Nik & Jay	Kasper Falkenberg	41
Nik & Jay	De Dødelige	40
Nik & Jay	When Saints Go Machine	40
Nik & Jay	Scarlet Pleasure	42
Nik & Jay	Thomas Hørby Andersson	40
Nik & Jay	Heino Hansen	40
Nik & Jay	ChriZ	40
Nik & Jay	Chriz & Heino	41
Hans Philip	Jens Ole McCoy	70
Hans Philip	Sivas	81
Hans Philip	Jesper “Vivid” Vestergaard	64
Hans Philip	Murro	65
Hans Philip	T-Minus	60
Hans Philip	Ish (DNK)	61
Hans Philip	​tais	66
Hans Philip	Tue Track	66
Hans Philip	Lord Siva	104
Hans Philip	David Lincoln	60
Hans Philip	Rebecca Christel	60
Hans Philip	Don Stefano	65
Hans Philip	Kimbo	67
Hans Philip	Semphiz	70
Hans Philip	Silas Moldenhawer	60
Hans Philip	Nick Kold Eriksen	60
Hans Philip	KOPS	59
Hans Philip	Ghost Notes	60
Hans Philip	Morten McCoy	61
Hans Philip	Christian Rohde Lindinger	59
Hans Philip	Stepz (DNK)	70
Hans Philip	K.N.O.X. (DNK)	64
Hans Philip	Gio (DNK)	70
Hans Philip	Branco	154
Hans Philip	Tjes	64
Hans Philip	Sultan	64
Hans Philip	Ataf Khawaja	67
Hans Philip	ATYPISK	102
Hans Philip	Stat-Ez	66
Hans Philip	Skurken	68
Hans Philip	Mass Ebdrup	65
Hans Philip	Danny Davinci	64
Hans Philip	Hennedub	71
Hans Philip	Mathias Klysner	61
Hans Philip	Mads Muurholm	60
Hans Philip	Wahid Zaferan	59
Hans Philip	Carl Barsk	66
Hans Philip	Caroline Henderson	60
Hans Philip	Andreas Murga	62
Hans Philip	Lamin	74
Hans Philip	Rob & Jenne	67
Hans Philip	August Rosenbaum	63
Hans Philip	Bertram Levin	60
Hans Philip	Skørmand	60
Hans Philip	TopGunn	137
Hans Philip	Noah Carter	104
Hans Philip	Albert Von Bülow	59
Hans Philip	Christian Balvig	59
Hans Philip	Jonathan Schultz (DNK)	60
Hans Philip	Matsmoments	60
Hans Philip	Musti Mousetee	61
Hans Philip	DJ Noize	63
Hans Philip	The Minds Of 99	71
Anton Westerlin	Lamin	90
Anton Westerlin	Houli	75
Anton Westerlin	ProdbyTY	75
Anton Westerlin	Frederik Thaae	83
Anton Westerlin	Adam Hillebrandt	83
Anton Westerlin	B.O.C	81
Anton Westerlin	Annika	75
Anton Westerlin	Kayvahn	75
Anton Westerlin	Noah Carter	120
Anton Westerlin	ozzy	76
Anton Westerlin	JOSVA	80
Anton Westerlin	ICEKIID	128
Anton Westerlin	Sivas	97
Anton Westerlin	Pil (DNK)	76
Anton Westerlin	Mille	76
Anton Westerlin	Medina (DNK)	80
Anton Westerlin	Nolan Sarnicki	76
Anton Westerlin	Frank Moses	76
Anton Westerlin	Kundo	78
Anton Westerlin	Encore (Producer)	76
Anton Westerlin	Alibi (Producer)	76
Anton Westerlin	Kristian Rose	76
Anton Westerlin	Carl Altino	78
Anton Westerlin	Ida Laurberg	77
Anton Westerlin	Emil Falk	82
Anton Westerlin	PAY (DNK)	77
Anton Westerlin	Jay Made	78
Anton Westerlin	Oliver Zoéga	77
Anton Westerlin	Karl William	111
Anton Westerlin	MAS	83
Anton Westerlin	Feels	75
Anton Westerlin	Chanelbigs	77
Anton Westerlin	Gio (DNK)	86
Anton Westerlin	Jelassi	76
Anton Westerlin	Thor Farlov	113
Anton Westerlin	Clara Sofie	79
Anton Westerlin	Marcus Gordon	76
Anton Westerlin	JEFF3	75
Anton Westerlin	​Johnson	81
Anton Westerlin	Jacobsen	76
Anton Westerlin	Gordon Ramz	78
Anton Westerlin	​​andreas odbjerg	82
Anton Westerlin	Lea Romea	77
Anton Westerlin	Lord Siva	120
Anton Westerlin	Asmus Harm	83
Anton Westerlin	Emil Harm	84
Anton Westerlin	Martin René	76
Anton Westerlin	DjAry	75
Anton Westerlin	Sira Jovina	76
Anton Westerlin	​wicky	76
Anton Westerlin	RH	77
Anton Westerlin	MAISHA (DNK)	76
Anton Westerlin	August Høyen	77
Anton Westerlin	Bette	78
Anton Westerlin	Marius Iversen	76
Anton Westerlin	Sara Sadiq Frost	76
Anton Westerlin	Basim	75
Anton Westerlin	BASTIAAN	75
Anton Westerlin	Søren Elsborg	75
Anton Westerlin	Stefan Luth	75
Anton Westerlin	Sons of Sonix	75
Anton Westerlin	Anthon Edwards	121
Anton Westerlin	Østen	86
Anton Westerlin	Carmon	137
Anton Westerlin	Jimilian	118
Noah Carter	Branco	142
Noah Carter	Hennedub	59
Noah Carter	Jens Ole McCoy	58
Noah Carter	ICEKIID	100
Noah Carter	Sivas	69
Noah Carter	Lamin	62
Noah Carter	B.O.C	53
Noah Carter	Kimbo	55
Noah Carter	Semphiz	58
Noah Carter	Stat-Ez	54
Noah Carter	Adam Hillebrandt	55
Noah Carter	Hossy	54
Noah Carter	Rob & Jenne	55
Noah Carter	Reza	50
Noah Carter	ozzy	48
Noah Carter	Noodle	48
Noah Carter	Fresh-I	51
Noah Carter	Nicki Pooyandeh	63
Noah Carter	Ella Augusta	49
Noah Carter	Harm Brothers	52
Noah Carter	NS Luko	47
Noah Carter	Asmus Harm	55
Noah Carter	Emil Harm	56
Noah Carter	MAS	55
Noah Carter	Vera	51
Noah Carter	School of X	47
Noah Carter	Sira Jovina	48
Noah Carter	Urban Nerd	47
Noah Carter	T&O	58
Noah Carter	Thor Farlov	85
Noah Carter	Chanelbigs	49
Noah Carter	Prod Villa	47
Noah Carter	August Rosenbaum	51
Noah Carter	JEURU	47
Noah Carter	Columbus Marslew	48
Noah Carter	​tais	54
Noah Carter	Sun God	47
Noah Carter	Freja Kirk	64
Noah Carter	Carmon	109
Noah Carter	Lord Siva	92
Shu-Bi-Dua	Per Stan	9
Shu-Bi-Dua	Holger Drachmann	8
Shu-Bi-Dua	DR Radiounderholdningsorkestret	8
Shu-Bi-Dua	Simon Sigfridsson	10
Shu-Bi-Dua	Andreas “Maskinen” Sommer	14
Shu-Bi-Dua	Seebach & Seebach	13
Shu-Bi-Dua	Bent Fabric	8
Branco	MellemFingaMuzik	121
Branco	Larry (DNK)	101
Branco	Nicki Pooyandeh	113
Branco	Livid	106
Branco	Joshua Duncan	98
Branco	Tobias Aldin	97
Branco	T&O	108
Branco	Pepsi	98
Branco	Sivas	119
Branco	Kamelen	98
Branco	Stepz (DNK)	108
Branco	Skurken	106
Branco	Reza	100
Branco	Apobeats (DNK)	100
Branco	Lukas Graham	106
Branco	K.N.O.X. (DNK)	102
Branco	Gio (DNK)	108
Branco	Semphiz	108
Branco	Tjes	102
Branco	Sultan	102
Branco	Ataf Khawaja	105
Branco	ATYPISK	140
Branco	Stat-Ez	104
Branco	Mass Ebdrup	103
Branco	Kimbo	105
Branco	Danny Davinci	102
Branco	Amina	98
Branco	Nafe Smallz	98
Branco	Daks (FRA)	98
Branco	Kasper Svare	101
Branco	KEWAN LIGGER BEATET NORMALT	115
Branco	David Benja	99
Branco	Villads Sofus Bertelsen	100
Branco	Kojo Funds	97
Branco	Akhee	99
Branco	Dree Low	98
Branco	Yasin	98
Branco	Trey & Zay	97
Branco	Oskar Sveidahl Svarre	97
Branco	Yung Vilhelm	98
Branco	Jimilian	140
Branco	ICEKIID	150
Branco	Jamaika	133
Branco	Søren-William Hardam Nohns	101
Branco	Esben Zefting	101
Branco	Makalo	97
Branco	Ramz (DNK)	98
Branco	ManLikeDeniz	98
Branco	Dayme	98
Branco	Miklo Demir	97
Branco	Sami Avci	97
Branco	Carmon	159
Branco	BackRoad Gee	98
Branco	Adel	97
Branco	Headie One	97
Branco	Rob & Jenne	105
Branco	Mastermind	97
Branco	Straynané	97
Branco	Vory	97
Branco	NODE	122
Branco	M Huncho	97
Branco	Fabe (FIN)	97
Branco	T Swoop	97
Branco	LEVON	99
Branco	Samir Wadi	97
Branco	Young (DNK)	103
Branco	AMRO	99
Branco	Salazar (DNK)	100
Branco	Barbara Moleko	103
Branco	MC Meller	97
Branco	Mund de Carlo	98
Branco	Ali Sufi	97
Branco	Loke Deph	102
Branco	Marconi	97
Branco	Danni	99
Branco	Marco Rahim	100
Branco	Vinylz	98
Branco	Boi-1da	98
Branco	Ahdam	97
Branco	Akiba (DNK)	97
Branco	Tau Mau	99
Branco	Ricky Rich	100
Branco	Central Cee	97
Branco	Mind (MOB79)	97
Branco	8/80	97
Branco	TopGunn	175
Emil Kruse	Jens Ole McCoy	51
Emil Kruse	ELOQ	47
Emil Kruse	Pind	42
Emil Kruse	Niels Kirk	42
Emil Kruse	Lasse Joen Sørensen	41
Emil Kruse	Esben Iversen	41
Emil Kruse	​​andreas odbjerg	47
Emil Kruse	Wads	42
Emil Kruse	KIDD (DNK)	49
Emil Kruse	OK OK	41
Emil Kruse	KÅ (DNK)	43
Emil Kruse	Benny Andersen	40
Emil Kruse	Jacob Bellens	40
Emil Kruse	PS (DNK)	40
Emil Kruse	​larry lovløs	41
Emil Kruse	Daniel Scheffmann	41
Emil Kruse	Bette	43
Emil Kruse	Mads Jensen	40
Emil Kruse	Anthon Edwards	86
Emil Kruse	Stanley Most	43
Emil Kruse	Louis Winding	44
Emil Kruse	Victor Støve	41
Emil Kruse	Kay (DNK)	40
Emil Kruse	Papa Erotic	40
Emil Kruse	August Rosenbaum	44
Emil Kruse	Asmus Harm	48
Emil Kruse	Emil Harm	49
Emil Kruse	Theodor Tang-Peronard	40
Emil Kruse	Jesper Flinker	40
Emil Kruse	Magnus Haulund Olesen	40
Emil Kruse	Kåre Lundager	40
Emil Kruse	Banzai	40
Emil Kruse	Sheraz	41
Emil Kruse	Diplomat	40
Emil Kruse	Page (DNK)	40
Emil Kruse	Lennart Bahnsen	40
Emil Kruse	Philip Bøg Steffensen	40
Anthon Edwards	Carl Barsk	55
Anthon Edwards	Mads Lundegaard	51
Anthon Edwards	Jeppe London	51
Anthon Edwards	TopGunn	126
Anthon Edwards	ICEKIID	101
Anthon Edwards	Skinz (DNK)	54
Anthon Edwards	SLY	52
Anthon Edwards	Citybois	77
Anthon Edwards	Rasmus Stabell	50
Anthon Edwards	Harm Brothers	53
Anthon Edwards	Lil Producer	51
Anthon Edwards	Young Bong	50
Anthon Edwards	Emil Stabil	50
Anthon Edwards	BUBU (DNK)	53
Anthon Edwards	LukasBL	54
Anthon Edwards	Hossy	55
Anthon Edwards	Michael Williams	50
Anthon Edwards	Providers	54
Anthon Edwards	Victor Støve	49
Anthon Edwards	Jonathan Elkær	55
Anthon Edwards	Nicki Pooyandeh	64
Anthon Edwards	MAS	56
Anthon Edwards	​milo (DNK)	48
Anthon Edwards	Daniel Schulz	49
Anthon Edwards	Sigvardt	49
Anthon Edwards	Rob & Jenne	56
Anthon Edwards	Thøger Dixgaard	51
Anthon Edwards	Samuel Ledet	51
Anthon Edwards	Frederik Nordsø	58
Anthon Edwards	Fridolin Nordsø	60
Anthon Edwards	Louis Nordsø	50
Anthon Edwards	Tice (DNK)	52
Anthon Edwards	OK OK	49
Anthon Edwards	Ulrik Schultz	50
Anthon Edwards	Oliver Cilwik	54
Anthon Edwards	Emil Harm	57
Anthon Edwards	Celine Svanbäck	48
Anthon Edwards	Asmus Harm	56
Anthon Edwards	Peter Biker	51
Anthon Edwards	Adam Hillebrandt	56
Anthon Edwards	SVEA	49
Anthon Edwards	Erann DD	48
Anthon Edwards	Karl William	84
Brandon Beal	Christopher	65
Brandon Beal	HEDEGAARD	66
Brandon Beal	Nicklas Elmark	60
Brandon Beal	6ix9ine	63
Brandon Beal	Future Animals	61
Brandon Beal	Needlz	60
Brandon Beal	TMS	60
Brandon Beal	Morten “Pilo” Pilegaard	61
Brandon Beal	Morten “Rissi” Ristorp	61
Brandon Beal	Jay Made	63
Brandon Beal	Victor Thell	60
Brandon Beal	Matt Hawk	60
Brandon Beal	Lukas Graham	69
Brandon Beal	Dawin	60
Brandon Beal	David “Dehiro” Mørup	62
Brandon Beal	Olivia Holt	60
Brandon Beal	Wiz Khalifa	60
Brandon Beal	Jim Wirt	60
Brandon Beal	Jayrah Gibson	60
Brandon Beal	ELOQ	67
Brandon Beal	Fridolin Nordsø	72
Brandon Beal	Frederik Nordsø	70
Brandon Beal	Melii	60
Brandon Beal	Tyler Spry	60
Brandon Beal	Fraser Churchill	60
Brandon Beal	Markus Artved	60
Brandon Beal	Jeff “Gitty” Gitelman	60
Brandon Beal	Boombby	60
Brandon Beal	Hennedub	72
Brandon Beal	Wale	60
Brandon Beal	David LaBrel	60
Brandon Beal	Jimilian	103
Brandon Beal	Joe Kearns	60
Brandon Beal	Phil Cook (Producer)	60
Brandon Beal	TopGunn	138
Brandon Beal	Snoop Dogg	60
Brandon Beal	Jon & Jules	64
Brandon Beal	Pilfinger	67
Brandon Beal	Michael Pærremand	61
Brandon Beal	Sami Brielle	60
Brandon Beal	Hektor Mass	60
Brandon Beal	Xander Linnet	118
Brandon Beal	Furrer	60
Brandon Beal	Anders Nilsen	60
Brandon Beal	Jason Gill	60
Brandon Beal	Pitchshifters	62
Brandon Beal	Martin Jensen	60
Brandon Beal	Victoria Nadine	60
Brandon Beal	Calby	60
Brandon Beal	Lenny Martinez	60
Brandon Beal	Bai-D	66
Brandon Beal	Johannes “Josh” Jørgensen	60
Brandon Beal	Roxy Ferrari	60
Brandon Beal	YAKO (EDM)	60
Brandon Beal	KROMI	60
Brandon Beal	Matrax Productions	60
Brandon Beal	Multiman	60
Brandon Beal	Søren Mikkelsen	62
Go Go Berlin	Søren Christensen	19
Go Go Berlin	Peter Kjædegaard	17
Go Go Berlin	Anders Søndergaard	17
Go Go Berlin	Christian Vium	17
Go Go Berlin	Christoffer Møller Østergaard	17
Go Go Berlin	Julie Ellinor	17
Go Go Berlin	Mikkel Dyrehave Hansen	17
Go Go Berlin	Tim Schou	17
Go Go Berlin	Nick Foss	17
Go Go Berlin	Lukas Forchhammer	19
Go Go Berlin	Don Stefano	23
Go Go Berlin	Morten “Rissi” Ristorp	18
Go Go Berlin	Morten “Pilo” Pilegaard	18
Go Go Berlin	James Ghaleb	17
Go Go Berlin	Justin Parker	17
Go Go Berlin	Mikky Ekko	17
Ankerstjerne	Frida Brygmann	72
Ankerstjerne	PhD	72
Ankerstjerne	Seebach & Seebach	76
Ankerstjerne	Andreas “Maskinen” Sommer	77
Ankerstjerne	Salazar (DNK)	74
Ankerstjerne	Jooks	108
Ankerstjerne	Daniel Schulz	72
Ankerstjerne	Panamah	71
Ankerstjerne	Sigvardt	72
Ankerstjerne	L.O.C.	81
Ankerstjerne	Malthe Rostrup	72
Ankerstjerne	Shaka Loveless	76
Ankerstjerne	Isaac Kasule	74
Ankerstjerne	Pede B	257
Ankerstjerne	Bjørnskov	73
Ankerstjerne	Xander Linnet	129
Ankerstjerne	Caroline Franceska	72
Ankerstjerne	Kinck	72
Ankerstjerne	Nicky Namah Furdal	73
Ankerstjerne	Tory Lanez	71
Ankerstjerne	Ben Thompson (DNK)	72
Ankerstjerne	Providers	77
Ankerstjerne	Ianick	72
Ankerstjerne	Puma	73
Ankerstjerne	Volkan (DNK)	72
Ankerstjerne	Livid	80
Ankerstjerne	DB King	73
Ankerstjerne	Kaka (DNK)	74
Ankerstjerne	Denz (DNK)	71
Ankerstjerne	Papan	71
Ankerstjerne	Lars Virkli	71
Ankerstjerne	​​andreas odbjerg	78
Ankerstjerne	Cisilia	75
Ankerstjerne	Simon Sigfridsson	73
Ankerstjerne	Jon & Jules	75
Ankerstjerne	Svea S	73
Ankerstjerne	Omar (DNK)	73
Ankerstjerne	Bjórn & Scheffmann	74
Ankerstjerne	Stepz (DNK)	82
Ankerstjerne	Sivas	93
Ankerstjerne	Outlandish	73
Ankerstjerne	Sarah West	73
Ankerstjerne	MORTEN (DNK)	73
Ankerstjerne	Jimilian	114
Ankerstjerne	Zophia	71
Ankerstjerne	Beautiful	71
Ankerstjerne	Ole Bjørn	74
Ankerstjerne	Jo Blaq	72
Ankerstjerne	Cornstick	72
Ankerstjerne	Carl Knast	75
Ankerstjerne	Alberte	74
Ankerstjerne	LARS (DNK)	72
Ankerstjerne	​iSaac (DNK)	71
Ankerstjerne	Jerome (DNK)	71
Ankerstjerne	Kwamé (DNK)	71
Ankerstjerne	Dayzon	73
Ankerstjerne	Face (DNK)	75
Ankerstjerne	​jyll	72
Ankerstjerne	Nabil Nafar	71
Ankerstjerne	Jay Made	74
Ankerstjerne	barejegvarmig	71
Ankerstjerne	René Cambony	74
Ankerstjerne	Johanne Milland	72
Ankerstjerne	Hooman Beats	73
WHO KILLED BAMBI	Tróndur Bogason	16
WHO KILLED BAMBI	Asbjørn	17
WHO KILLED BAMBI	Søs Fenger	18
WHO KILLED BAMBI	Ida Wenøe	16
WHO KILLED BAMBI	Eivør	18
WHO KILLED BAMBI	Kellermensch	16
WHO KILLED BAMBI	Lydmor	17
WHO KILLED BAMBI	Wangel	16
WHO KILLED BAMBI	CoDy	16
WHO KILLED BAMBI	Therese Aune	16
WHO KILLED BAMBI	Julie Maria	16
WHO KILLED BAMBI	Sandra Kolstad	16
WHO KILLED BAMBI	Bjørn Fjæstad	16
WHO KILLED BAMBI	Jonas H. Petersen	16
WHO KILLED BAMBI	Baloosh	41
Odense Assholes	PhaFalAion	4
Odense Assholes	LB Boogie	3
Ude Af Kontrol	Pattesutter	29
Ude Af Kontrol	Balken	21
Ude Af Kontrol	Chriz & Heino	19
Ude Af Kontrol	Faustix	20
Ude Af Kontrol	Stewart Stardust	18
Ude Af Kontrol	Soppgirobygget	18
Ude Af Kontrol	HEDEGAARD	24
Ude Af Kontrol	RH	20
Ude Af Kontrol	Wawy	18
Ude Af Kontrol	Eiqu	18
Ude Af Kontrol	Specktors	19
Ude Af Kontrol	Pede B	204
Ude Af Kontrol	Alex Skrindo	19
Ude Af Kontrol	SP (DNK)	18
Ude Af Kontrol	Murro	24
Østen	Frederik Thaae	21
Østen	Adam Hillebrandt	21
Østen	Bjórn & Scheffmann	16
Østen	Anders Skadhede	13
Østen	Malthe Rostrup	14
Østen	Daniel Joy	13
Østen	Frederik Haumann	13
Østen	Emil Emborg	13
Østen	Frédéric Riesterer	13
Østen	Andreas Wilson	13
Mads Langer	Christopher	72
Mads Langer	Lukas Graham	76
Mads Langer	Jada	72
Mads Langer	Don Stefano	73
Mads Langer	Saint clara	70
Mads Langer	Henry Flint	67
Mads Langer	George Flint	67
Mads Langer	Morten Woods	67
Mads Langer	Boe Larsen	67
Mads Langer	Andreas “Maskinen” Sommer	73
Mads Langer	Søren Balsner	67
Mads Langer	Jamie Hartman	67
Mads Langer	Nikolaj Steen	67
Mads Langer	Oliver McEwan	67
Mads Langer	Martin Terefe	67
Mads Langer	Scott Effman	67
Mads Langer	KEWAN LIGGER BEATET NORMALT	85
Mads Langer	Rasmus Bille Bähncke	67
Mads Langer	Søren Mikkelsen	69
Mads Langer	Jack & Coke	67
Mads Langer	Joe Rangel	67
Mads Langer	Chris Mollere	67
Mads Langer	Ben Harrison	67
Mads Langer	Ayb Asmar	67
Mads Langer	Stuart Crichton	67
Mads Langer	Eg White	67
Mads Langer	C.V. Jørgensen	67
Mads Langer	Poul Martin Bonde	67
Mads Langer	Knud Møller	67
Mads Langer	Sune Rose Wagner	67
Mads Langer	1993	67
Mads Langer	Lauritz Emil Christiansen	68
Mads Langer	SLY	71
Mads Langer	Mikkel Damgaard	67
Mads Langer	Coco O.	69
Mads Langer	Fridolin Nordsø	79
Mads Langer	Frederik Nordsø	77
Mads Langer	Ida Madsen	67
Mads Langer	René Cambony	70
Mads Langer	Kephoi	73
Mads Langer	Mike Lowrey	77
Mads Langer	Oliver Cilwik	73
Mads Langer	Alex Niceforo	67
Mads Langer	​Johnson	73
Mads Langer	Tim Christensen	67
Mads Langer	Jesper Faaborg	67
Mads Langer	Remee	71
Mads Langer	Ronni Vindahl	69
Mads Langer	Ole Bjørn	70
Mads Langer	Sammy Witte	67
Mads Langer	Tommy Tysper	67
Mads Langer	Pete Smith	67
Mads Langer	Dicte	67
Mads Langer	Cole M.G.N.	67
Mads Langer	Ethan Allen	67
Mads Langer	Faustix	69
Mads Langer	Lenno	67
Mads Langer	Richard Craker	67
Mads Langer	E. Kidd Bogart	67
Mads Langer	Carl Wikström Ask	67
Mads Langer	Lárus Örn Arnarson	67
Mads Langer	Anthony Watts	67
Mads Langer	Karl William	103
Blaue Blume	Aske Rud Jørgensen	10
Blaue Blume	Nis Bysted	10
Blaue Blume	Søren Jensen Buhl	11
Blaue Blume	Robert Jensen Buhl	10
Blaue Blume	Jonas Holst Schmidt	10
Blaue Blume	Guldimund	10
Blaue Blume	Buster Jensen	10
Blaue Blume	Søren Buhl Lassen	12
Blaue Blume	Peter Bøgvad Hansen	10
Barselona	Goss	12
Barselona	Rasmus Theodor	12
Barselona	Rud Aslak	12
Barselona	Thøger Dixgaard	15
Barselona	Peter Sommer	12
Barselona	Mahler & Bir	12
Barselona	Frederik Thaae	20
Barselona	Karl-Frederik Reichhardt	16
Barselona	Victor Groth	13
Barselona	Søren Buhl Lassen	14
Freja Kirk	Jonathan Elkær	26
Freja Kirk	Oliver Cilwik	25
Freja Kirk	Reza	22
Freja Kirk	Alexander Grandjean	19
Freja Kirk	Frederik Thaae	27
Freja Kirk	Engelina	19
Freja Kirk	Karl-Frederik Reichhardt	23
Freja Kirk	Marco Twellmann	19
Freja Kirk	Marcus Liliequist	19
Freja Kirk	Granity	19
Freja Kirk	Kasper Svare	23
Freja Kirk	Villads Bertelsen	19
Freja Kirk	Cy Fyre	19
Freja Kirk	Andreas Stigkær	19
Freja Kirk	Nimota Ayinke Abimbola	19
Freja Kirk	Nicolai Kornerup	19
Freja Kirk	ANYA (DNK)	19
Danseorkestret	Jacob Andersen	7
Danseorkestret	Rasmus Kærså	7
Danseorkestret	Jørn Pedersen	7
Danseorkestret	Stig Kreutzfeldt	8
Danseorkestret	Jørgen Klubien	7
Danseorkestret	Poul Borum	7
Folkeklubben	Nikolaj Vinten	11
Folkeklubben	Kasper Rasmussen	11
Folkeklubben	Frederik Thaae	19
Folkeklubben	Mads Brinch Nielsen	11
Folkeklubben	Orgi-E	24
Folkeklubben	Kjartan Arngrim	11
Folkeklubben	Rasmus Dall	11
Folkeklubben	Rasmus Jusjong	11
Folkeklubben	Rune Rask	110
Kim Larsen	Poul Bruun	44
Kim Larsen	Stig Kreutzfeldt	45
Kim Larsen	Sonny Limbo	44
Kim Larsen	Roy Thomas Baker	44
Kim Larsen	Nils Henriksen	44
Kim Larsen	Tommy Georg Bogs	44
Kim Larsen	Henning Pold	44
Kim Larsen	Gasolin’	44
Kim Larsen	Tritonus Koret	44
Kim Larsen	Franz Beckerlee	44
Kim Larsen	Wili Jønsson	44
Kim Larsen	Rugsted & Kreutzfeldt	44
Kim Larsen	Max Lorentz	44
Kim Larsen	Henrik Lund	44
Kim Larsen	Søren Mikkelsen	46
Kim Larsen	Per “Klit” Rasmussen	44
Kim Larsen	Erik Clausen	45
Kim Larsen	Kim Hyttel	44
Kim Larsen	Harald Herdahl	44
Kim Larsen	William Rieflin	44
Kim Larsen	The Samba Brothers	44
Kim Larsen	Kim Larsen & Kjukken	44
Kim Larsen	Peter Ingemann	44
Kim Larsen	Kathrine Jensenius	44
Kim Larsen	Mogens Mogensen	44
Kim Larsen	Karsten Skovgaard	44
Kim Larsen	Ove Abildgaard	44
Kim Larsen	Thomas Helmig	47
Kim Larsen	Joe Delia	44
Kim Larsen	Nick Sylvester	44
Kim Larsen	Hans Fagt	44
Kim Larsen	Jesper Rosenqvist	44
Kim Larsen	DJ Peyk	46
Kim Larsen	Peter Lund Madsen	44
Kim Larsen	Anders Lund Madsen	44
Kim Larsen	Gustav Winckler	44
Kim Larsen	Darwich	44
Kim Larsen	Steven Lemberg	44
Kim Larsen	MC Swan	45
Kim Larsen	MC Pete	44
Kim Larsen	Master Phoze	44
Kim Larsen	Chief 1	47
Kim Larsen	Grandmaster Dee Pee	44
Gnags	Peter A.G.	10
Gnags	Jack Nuber	9
Gnags	Karl Pitterson	9
Gnags	Anne Seier	9
Gnags	Per Christian Frost	9
Gnags	Pharfar	12
Gnags	Fresh-I	13
Gnags	Jakob Groth	9
Tommy Seebach	Seebach & Seebach	18
Tommy Seebach	Cai Leitner	13
Tommy Seebach	Keld Heick	13
Tommy Seebach	Ivan Pedersen	13
Tommy Seebach	Martin Sommer	14
Tommy Seebach	Debbie Cameron	13
Tommy Seebach	KEWAN LIGGER BEATET NORMALT	31
Tommy Seebach	Hasan Shah	15
Tommy Seebach	Annette Heick	13
Tommy Seebach	Søren Bundgaard	13
Tommy Seebach	Per Stan	14
Tommy Seebach	Ómar Óskarsson	13
Jesu Brødre	Sidney Lee	18
Jesu Brødre	ADHD	18
Jesu Brødre	Anders Hemmingsen	18
Jesu Brødre	Georg Svendsen	19
Jesu Brødre	William Kruse	18
Jesu Brødre	Alfred Thomas	20
Jesu Brødre	Niels Olsen	18
Jesu Brødre	Shambs	18
Jesu Brødre	Klam Vandmand	18
Jesu Brødre	Lina Rafn	19
Jesu Brødre	H1TMAKERS	19
Jesu Brødre	Chris	18
Jesu Brødre	Rossen	18
Jesu Brødre	Ratiarti	18
Jesu Brødre	Klukkie Hanni	18
Jesu Brødre	Fraggers i Form	18
Jesu Brødre	Bubber	18
Thor Farlov	Carl Barsk	47
Thor Farlov	Mads Lundegaard	43
Thor Farlov	Jeppe London	43
Thor Farlov	TopGunn	118
Thor Farlov	ICEKIID	93
Thor Farlov	Skinz (DNK)	46
Thor Farlov	SLY	44
Thor Farlov	Citybois	69
Thor Farlov	Rasmus Stabell	42
Thor Farlov	Kundo	43
Thor Farlov	Harm Brothers	45
Thor Farlov	Rob & Jenne	48
Thor Farlov	Jens Ole McCoy	51
Thor Farlov	Columbus Marslew	41
Thor Farlov	Lil Producer	43
Thor Farlov	Young Bong	42
Thor Farlov	Emil Stabil	42
Thor Farlov	BUBU (DNK)	45
Thor Farlov	Sivas	62
Thor Farlov	LukasBL	46
Thor Farlov	Hossy	47
Thor Farlov	Michael Williams	42
Thor Farlov	Providers	46
Thor Farlov	Samuel Ledet	43
Thor Farlov	Jonathan Elkær	47
Thor Farlov	MAS (USA)	40
Thor Farlov	Frederik Nordsø	50
Thor Farlov	Fridolin Nordsø	52
Thor Farlov	Louis Nordsø	42
Thor Farlov	Tice (DNK)	44
Thor Farlov	MAS	48
Thor Farlov	Ulrik Schultz	42
Thor Farlov	Saint Luca	40
Thor Farlov	Swshr	40
Thor Farlov	Bette	43
Benal	Albert (DNK)	25
Benal	Wads	22
Benal	Bashir Billow	22
Benal	Er De Sjældne	21
Benal	Cecilie Noer	21
Benal	Katinka Band	21
Benal	Orgi-E	33
Benal	Clara Sofie	24
Benal	Medina (DNK)	25
Benal	Marie Key	21
Benal	Nixen	50
Benal	Pede B	206
Benal	Liv Lykke	21
Benal	Semphiz	31
Benal	Loke Deph	25
Benal	Laura Petersen	21
Benal	Rune Rask	119
TopGunn	Morten McCoy	82
TopGunn	Pilfinger	87
TopGunn	Hennedub	92
TopGunn	Fouli	88
TopGunn	Emil Harm	89
TopGunn	Asmus Harm	88
TopGunn	ICEKIID	133
TopGunn	HEDEGAARD	86
TopGunn	SLY	84
TopGunn	Bastian Sjelberg	80
TopGunn	Citybois	109
TopGunn	Raske Penge	82
TopGunn	Emil Falk	87
TopGunn	Tice (DNK)	84
TopGunn	ELOQ	87
TopGunn	Klumben	84
TopGunn	KIDD (DNK)	89
TopGunn	Medina (DNK)	85
TopGunn	Pind	82
TopGunn	JOSVA	85
TopGunn	Harm Brothers	85
TopGunn	Rob & Jenne	88
TopGunn	Pato Siebenhaar	81
TopGunn	Lamin	95
TopGunn	Ranko	80
TopGunn	Chanelbigs	82
TopGunn	LukasBL	86
TopGunn	Hossy	87
TopGunn	Murro	86
TopGunn	Sinds	80
TopGunn	Lord Siva	125
TopGunn	​Johnson	86
TopGunn	Mike Lowrey	90
TopGunn	FEJER	82
TopGunn	Karl-Frederik Reichhardt	84
TopGunn	August Rosenbaum	84
TopGunn	Bertram Levin	81
TopGunn	Nicki Pooyandeh	96
TopGunn	Skørmand	81
TopGunn	Mighty Mala	80
TopGunn	David Dieu	82
TopGunn	Jens Ole McCoy	91
TopGunn	Andreas Krüger	81
TopGunn	Ms Banks	80
TopGunn	BackRoad Gee	81
TopGunn	Yungen	80
TopGunn	Geko	80
TopGunn	FRNKIE	80
TopGunn	JBo (DNK)	81
TopGunn	Topp Gun	80
TopGunn	DJ Noize	84
TopGunn	Sukker Lyn	80
TopGunn	J Wild	80
TopGunn	Oliver Cilwik	86
TopGunn	Kaka (DNK)	83
TopGunn	2000F	80
TopGunn	Pacific (DNK)	80
TopGunn	OnklP	80
TopGunn	Joddski	80
TopGunn	Danni Toma	81
TopGunn	Rvssian	80
TopGunn	Gio (DNK)	91
TopGunn	Danny Dwyer	80
TopGunn	M.I.L.K. (DNK)	80
TopGunn	Joel Van Dijk	80
TopGunn	Mars Today	80
TopGunn	StudioStudioStudio	80
TopGunn	Søren Christensen	82
TopGunn	Velour (DNK)	81
TopGunn	Eagger	81
NODE	Stepz (DNK)	38
NODE	RJacks & Masta	29
NODE	Nicki Pooyandeh	43
NODE	Sivas	49
NODE	Joniad Banushi	27
NODE	Hkeem	28
NODE	Lamix	27
NODE	Larry (DNK)	31
NODE	KEWAN LIGGER BEATET NORMALT	45
NODE	Lamin	42
NODE	Sören von Malmborg	27
NODE	IVAN$ITO	27
NODE	Orgi-E	40
NODE	Jamaika	63
NODE	ZK	64
NODE	Mike Lowrey	37
NODE	Refuu	28
NODE	Ricky Rich	30
NODE	Jay Cas	27
NODE	Angela Yee	27
NODE	Ghostface Killah	27
Malte Ebert	Landsholdet	36
Malte Ebert	Alfred Thomas	37
Malte Ebert	Kristoffer Fuglsang	35
Malte Ebert	E&B	35
Malte Ebert	Martin Brygmann	35
Malte Ebert	Alexander Oscar	35
Malte Ebert	Christopher	40
Malte Ebert	Oliver Cilwik	41
Malte Ebert	Sigala	35
Malte Ebert	Ella Eyre	35
Malte Ebert	Lauritz Emil Christiansen	36
Malte Ebert	Bjórn & Scheffmann	38
Malte Ebert	LittGloss	36
Malte Ebert	Georg Svendsen	36
Malte Ebert	Kasper Toustrup	35
Malte Ebert	Kristian Riis	35
Malte Ebert	Søren Arnholt Rasmussen	35
Malte Ebert	Simon Kvamm	36
Malte Ebert	Emil Falk	42
Malte Ebert	Frederik Nordsø	45
Malte Ebert	Fridolin Nordsø	47
Malte Ebert	Mads Dyhrberg	35
Malte Ebert	Lis Sørensen	35
Malte Ebert	Ole Bjørn	38
Malte Ebert	Vera	39
Malte Ebert	Jeppe Engelbrecht Appel	35
Malte Ebert	Mads Simonsen	35
Malte Ebert	Drew Sycamore	35
Malte Ebert	Jimilian	78
Malte Ebert	Sebastian Igens	37
Malte Ebert	H.M. Dronning Margrethe 2.	35
Malte Ebert	FEJER	37
Malte Ebert	Valdemar Littauer Bendixen	35
Pattesutter	Mario Riera	13
Pattesutter	Lil Producer	16
Pattesutter	​tais	20
Pattesutter	Jacob Simonsen	13
Pattesutter	Sigurd barrett	13
Pattesutter	Yo Johnny	14
Pattesutter	Musti Mousetee	15
Pattesutter	Andreas Murga	16
Pattesutter	Carl Barsk	20
Pattesutter	Nichlas Linhard Olsen	13
Pattesutter	Jay&Loco	13
Xander Linnet	Marcus Linnet	60
Xander Linnet	Simon Jul	64
Xander Linnet	Fribytterdrømme	62
Xander Linnet	Oh Boy! (DNK)	60
Xander Linnet	Jens Ole McCoy	71
Xander Linnet	​boysarerolling	60
Xander Linnet	CuBeatz	60
Xander Linnet	Jamaika	96
Xander Linnet	Jeppe Federspiel	60
Xander Linnet	Hennedub	72
Xander Linnet	Anne Linnet	64
Xander Linnet	Pilfinger	67
Xander Linnet	Hasan Shah	62
Xander Linnet	Thomas Stengaard	60
Xander Linnet	Larry (DNK)	64
Xander Linnet	Sivas	82
Xander Linnet	Thøger Dixgaard	63
Xander Linnet	Cisilia	64
Xander Linnet	Nabiha	61
Xander Linnet	Wafande	67
Xander Linnet	Raske Penge	62
Xander Linnet	Mette Lindberg	62
Xander Linnet	Jonas Vestergaard	62
Xander Linnet	Rune Rask	159
Xander Linnet	T&O	71
Xander Linnet	Providers	66
Xander Linnet	Sebastian (DNK)	60
Xander Linnet	Nadia Gattas	60
Xander Linnet	Amna Naseer	61
Xander Linnet	Fouli	68
Xander Linnet	Outlandish	62
Xander Linnet	Coco O.	62
Xander Linnet	Sarah West	62
Xander Linnet	Jakob Christiansen	61
Xander Linnet	Atilla	62
Xander Linnet	Svenstrup & Vendelboe	61
Xander Linnet	Sanne Salomonsen	60
Xander Linnet	Moses Fiellau-Nikolajsen	61
Xander Linnet	Bai-D	66
Xander Linnet	Niki Bernard	62
Xander Linnet	Markus Lindell	60
Xander Linnet	Julie Lindell	60
Xander Linnet	Oskar Hanak	60
Xander Linnet	Thomas Boesgaard	60
Xander Linnet	Anders Schumann	60
Xander Linnet	Daniel Rasmussen	61
Xander Linnet	Durani	60
Xander Linnet	Skinz (DNK)	66
Xander Linnet	Marcus Lundbak	60
Xander Linnet	Bertram Mørk	60
Xander Linnet	Marwan	66
Xander Linnet	Ben Legit	62
The Minds Of 99	Carsten Heller	16
The Minds Of 99	Jacob Bech-Hansen	15
The Minds Of 99	ELOQ	21
The Minds Of 99	Niels Brandt	16
The Minds Of 99	Frederik Thaae	22
The Minds Of 99	Ronni Vindahl	16
The Minds Of 99	Neil R. Young	14
The Minds Of 99	Jonas Kur	14
The Minds Of 99	No3	14
The Minds Of 99	Anders Folke Larsen	14
The Minds Of 99	Asger Møller Wissing	14
The Minds Of 99	Louis Barnholdt Clausen	14
Jamaika	Prince Digital	38
Jamaika	Mike Lowrey	48
Jamaika	Daniel Rasmussen	39
Jamaika	Sivas	60
Jamaika	Carmon	100
Jamaika	Speaker Knockerz	38
Jamaika	DC	39
Jamaika	Ung Cezar	39
Jamaika	MellemFingaMuzik	62
Jamaika	Danni	40
Jamaika	T&O	49
Jamaika	KEWAN LIGGER BEATET NORMALT	56
Jamaika	Fouli	46
Jamaika	Medi (USA)	38
Jamaika	G Rocka	38
Jamaika	Dayzon	40
Jamaika	Carl Reed	39
Jamaika	Lamin	53
Jamaika	Dree Low	39
Jamaika	Himalaya	38
Jamaika	IBO (DNK)	38
Jamaika	Zoro (DNK)	38
Jamaika	Kephoi	44
Jamaika	Joshua Duncan	39
Jamaika	Tau Mau	40
Jamaika	Mike WiLL Made-It	38
Jamaika	M24	38
Jamaika	Willy (DNK)	39
Jamaika	Ferdinand Philip Bach	38
Jamaika	Yung Vilhelm	39
Jamaika	Merkel lavi	38
Jamaika	Codu’ Penal	38
Albert Heath	Sofie1998	24
Albert Heath	Karl-Frederik Reichhardt	28
Albert Heath	Piscot	24
Albert Heath	Chief 1	27
Albert Heath	Yepha	24
Albert Heath	Orrin Keepnews	24
Albert Heath	Benjamin Lasnier	27
Albert Heath	Jimilian	67
Albert Heath	Stanley Cowell	24
Albert Heath	James Mtume	24
Albert Heath	Frank Ceraolo	24
Albert Heath	URO	25
Albert Heath	Malthe Guldberg	24
Albert Heath	Morten “Mört” Jepsen	24
Albert Heath	PabloMyslibar	24
Albert Heath	Oscar27	24
Albert Heath	Marcus.wav	25
Albert Heath	Tice (DNK)	28
Albert Heath	Bob Weinstock	24
Albert Heath	Albeats	24
Albert Heath	​jyll	25
Albert Heath	Mangera	24
MellemFingaMuzik	Nicki Pooyandeh	42
MellemFingaMuzik	Livid	35
MellemFingaMuzik	T&O	37
MellemFingaMuzik	Pepsi	27
MellemFingaMuzik	Sivas	48
MellemFingaMuzik	Stepz (DNK)	37
MellemFingaMuzik	Skurken	35
MellemFingaMuzik	KEWAN LIGGER BEATET NORMALT	44
MellemFingaMuzik	David Benja	28
MellemFingaMuzik	Akhee	28
MellemFingaMuzik	ATYPISK	69
MellemFingaMuzik	Søren-William Hardam Nohns	30
MellemFingaMuzik	Esben Zefting	30
MellemFingaMuzik	Kimbo	34
MellemFingaMuzik	Vinylz	27
MellemFingaMuzik	Boi-1da	27
MellemFingaMuzik	DJ Pain	26
MellemFingaMuzik	Sleiman	64
MellemFingaMuzik	Rune Rask	125
ATYPISK	Fresh-I	49
ATYPISK	Lærke Emilie	45
ATYPISK	T&O	56
ATYPISK	Stepz (DNK)	56
ATYPISK	K.N.O.X. (DNK)	50
ATYPISK	Gio (DNK)	56
ATYPISK	Semphiz	56
ATYPISK	Tjes	50
ATYPISK	Sultan	50
ATYPISK	Ataf Khawaja	53
ATYPISK	Stat-Ez	52
ATYPISK	Skurken	54
ATYPISK	Mass Ebdrup	51
ATYPISK	Kimbo	53
ATYPISK	Danny Davinci	50
ATYPISK	Kaka (DNK)	48
ATYPISK	Akapellah	45
ATYPISK	Jens Ole McCoy	56
ATYPISK	Nicki Pooyandeh	61
ATYPISK	Refuu	46
ATYPISK	Mista Royce	45
ATYPISK	Clemens	51
ATYPISK	Sivas	67
ATYPISK	Wafande	52
ATYPISK	Blak	46
ATYPISK	Hype	45
ATYPISK	Wood (DNK)	45
ATYPISK	KayReem Sylvest	48
ATYPISK	Eagger	46
ATYPISK	Pharfar	48
ATYPISK	MFS (Made For Streets)	45
ATYPISK	Jeffro	45
ATYPISK	Shaka Loveless	50
ATYPISK	Vince Keys	45
ATYPISK	Daniel “Obi” Klein	45
ATYPISK	KEWAN LIGGER BEATET NORMALT	63
ATYPISK	Kato (DNK)	45
Sleiman	Livid	49
Sleiman	6ix9ine	43
Sleiman	KEWAN LIGGER BEATET NORMALT	58
Sleiman	Kontra K	40
Sleiman	Carmon	102
Sleiman	Fouli	48
Sleiman	Jimilian	83
Sleiman	Shaka Loveless	45
Sleiman	Lacrim	40
Sleiman	Eight O	40
Sleiman	Redur Akram Hussein	41
Sleiman	Q (DNK)	40
Sleiman	Sivas	62
Sleiman	Kidda	40
Sleiman	Young (DNK)	46
Sleiman	Jacob Brøndlund	41
Sleiman	Marvin S	41
Sleiman	Søren Bech	41
Sleiman	Marwa Loud	40
Sleiman	JahMxli	40
Sleiman	Volkan (DNK)	41
Sleiman	Ayman Amin	40
Sleiman	Kaliber (DNK)	41
Sleiman	Concept	40
Sleiman	Ricky Rich	43
Sleiman	Nani (NO)	40
Sleiman	Sebastian Igens	42
Sleiman	Esben Zefting	44
Sleiman	Søren-William Hardam Nohns	44
Sleiman	DB King	42
Sleiman	Bel (AUS)	40
Sleiman	Diego (DNK)	41
Sleiman	Ali Jemmeali	40
Sleiman	I’Scream	40
Sleiman	Worek	40
Sleiman	Bambina (FRA)	40
Sleiman	Face (DNK)	44
Carmon	Hossy	71
Carmon	LukasBL	70
Carmon	Kephoi	70
Carmon	Tau Mau	66
Carmon	DC	65
Carmon	ICEKIID	117
Carmon	Fouli	72
Carmon	Ung Cezar	65
Carmon	OG Harry	64
Carmon	Danni	66
Carmon	Stepz (DNK)	75
Carmon	RJacks & Masta	66
Carmon	Amna Naseer	65
Carmon	Lamin	79
Carmon	Filip Kollsete	64
Carmon	Nicki Pooyandeh	80
Carmon	Louis (DNK)	64
Carmon	Wonko (DNK)	64
Carmon	Carl Reed	65
Carmon	BUBU (DNK)	69
Carmon	Gordon Ramz	67
Carmon	Salomon Ono	64
Carmon	Alrima	64
Carmon	Sivas	86
Carmon	Carl Altino	67
Carmon	Mr. Mo (DNK)	66
Carmon	AWADA	64
Carmon	RH	66
Carmon	DB King	66
Carmon	Face (DNK)	68
Carmon	Livid	73
Carmon	T&O	75
Carmon	Mike Lowrey	74
Carmon	Moon Afflick	66
Carmon	PaoloHBG	64
Carmon	Simo (DNK)	64
Carmon	Yasin	65
Carmon	Censur	64
Carmon	BJØRN (DNK)	65
Carmon	Larry (DNK)	68
Carmon	JBo (DNK)	65
Carmon	Oliver Zoéga	66
Carmon	Kasper Svare	68
Carmon	Villads Sofus Bertelsen	67
Carmon	Apobeats (DNK)	67
Carmon	Oochie	68
Carmon	Willy (DNK)	65
Carmon	Eliot Bohr	64
Carmon	Swidom	64
Carmon	Frank Music	64
Carmon	Jakob Christiansen	65
Carmon	Platinum Libraries	64
Carmon	Marco Rahim	67
Carmon	Maraz Y	64
Karl William	Carl Barsk	45
Karl William	Christopher	43
Karl William	Lukas Graham	47
Karl William	Jada	43
Karl William	Don Stefano	44
Karl William	Saint clara	41
Karl William	Frederik Carstens	40
Karl William	Andreas “Maskinen” Sommer	44
Karl William	Mathias Klysner	40
Karl William	​tais	45
Karl William	Adam Hillebrandt	46
Karl William	Istid	38
Karl William	August Høyen	40
Karl William	ELOQ	45
Karl William	KIDD (DNK)	47
Karl William	Rob & Jenne	46
Karl William	Orbit Crew	38
Karl William	Chief 1	41
Karl William	Emil Hesselbæk	38
Karl William	Fabian Mazur	38
Karl William	Stig Brenner	39
Karl William	Niels Kirk	40
Karl William	Heimdals Sidste Vogter	38
Karl William	Andreas Murga	41
Karl William	Sheraz	39
Karl William	Loke Deph	43
Karl William	Novum	41
Karl William	Jeppe London	41
Karl William	Mads Lundegaard	41
Karl William	Lord Siva	83
Pede B	DJ Noize	192
Pede B	LuxXx	191
Pede B	Able (DNK)	188
Pede B	Isaac Kasule	191
Pede B	Femma’r	188
Pede B	Bashir Billow	190
Pede B	Frost (DNK)	189
Pede B	MarcieFresh	191
Pede B	HaKeem	189
Pede B	ICEKIID	241
Pede B	J-Mix	189
Pede B	Marco Rahim	191
Pede B	Izhar Iz	189
Pede B	Amin A1	189
Pede B	KIDD (DNK)	197
Pede B	Per Vers	191
Pede B	Negash Ali	188
Pede B	MikL (DNK)	189
Pede B	Cas (DNK)	189
Pede B	Young (DNK)	194
Pede B	Tue Track	195
Pede B	​Johnson	194
Pede B	Jøden	190
Pede B	J-Spliff	190
Pede B	Niarn	191
Pede B	Jonny Hefty	191
Pede B	L.O.C.	198
Pede B	Mester Jacob	191
Pede B	Majid	189
Pede B	Marwan	194
Pede B	Ataf Khawaja	196
Pede B	Nixen	218
Pede B	Nøx (DNK)	188
Pede B	Ayoe Angelica	188
Pede B	Nicky Namah Furdal	190
Pede B	Albert (DNK)	193
Pede B	DEAN (DNK)	188
Pede B	Shaka Loveless	193
Pede B	Nickynomertry	188
Pede B	Novum	191
Pede B	Skurken	197
Pede B	Adam Sampler	190
Pede B	Crateraider	188
Pede B	Mr. Mo (DNK)	190
Pede B	Thor Madsen	188
Pede B	Stoopit Fresh	188
Pede B	4Pro	189
Pede B	Marco Sewohl	189
Pede B	USO	190
Pede B	Livid	197
Pede B	Fred Nukes	188
Pede B	Mads Viktor	188
Pede B	Erik Clausen	189
Pede B	Jonas (DNK)	188
Pede B	David Fjelstrup	188
Pede B	Binær	188
Pede B	Telepa-T	188
Pede B	Petter	188
Pede B	DJ Static (DNK)	189
Pede B	AMRO	190
Pede B	Loke Deph	193
Pede B	Wafande	195
Pede B	Face (DNK)	192
Pede B	5-Dob	188
Pede B	Esben “Es” Thornhal	192
Pede B	Emilie Moldow	188
Pede B	Mellow (DNK)	188
Pede B	Mund de Carlo	189
Pede B	PhaFalAion	189
Pede B	Keis Khatib	188
Pede B	Turkman Souljah	188
Pede B	Ramtin (DK)	188
Pede B	Gio (DNK)	199
Pede B	Kriswontwo	188
Pede B	Semphiz	199
Pede B	EE (DNK)	189
Pede B	David Dieu	190
Pede B	Jamie Kamara	190
Pede B	Jacob Broholm	188
Pede B	Alex Ambrose	190
Pede B	Salazar (DNK)	191
Pede B	Nathalie Hallundbæk	188
Pede B	Rest in Beats	188
Pede B	Lior	188
Pede B	Al Agami	189
Pede B	Pato Siebenhaar	189
Pede B	Ham Den Lange	188
Pede B	Clara Sofie	192
Pede B	Alberte	191
Pede B	Strudsi Gallop	188
Pede B	Machacha	188
Pede B	Funch	188
Pede B	J.A.N. (DNK)	188
Pede B	Cab (DNK)	190
Pede B	Don Jay	188
Pede B	Moon Afflick	190
Pede B	Belly Of The Beats	188
Pede B	Steffen Brandt	188
Pede B	Ken Ring	188
Pede B	Simon Jul	192
Pede B	Orgi-E	201
Pede B	Copenhaniacs	188
Pede B	KayReem Sylvest	191
Pede B	Bai-D	194
Pede B	Cha-D	189
Pede B	Benjamin Koppel	188
Pede B	IngrediJens	188
Pede B	Nick Sander	188
Pede B	Stik Op	189
Pede B	DJ Wernz	188
Pede B	Eldar-Q	188
Pede B	SkyggeSiden	188
Pede B	Mikkel	188
Pede B	Det Kiki	188
Pede B	Lydmor	189
Pede B	Tove Ditlevsen	188
Pede B	Trepac	188
Pede B	Ezi Cut	189
Pede B	Klumben	192
Pede B	Koldfront	188
Pede B	Fresco (DNK)	188
Pede B	MC Ollie	188
Pede B	Jake One	188
Pede B	Bawl	188
Pede B	Ali M (DNK)	188
Pede B	FordærvBerg	188
Pede B	Kaka (DNK)	191
Pede B	MC Magnus	188
Pede B	MIKKE FLU$	188
Pede B	SuparDejen	189
Pede B	Esben	188
Pede B	Nota Bene	188
Pede B	Kool Jepp	188
Pede B	Jonas Eddie	188
Pede B	Kongchain	188
Pede B	Claus Seest	189
Pede B	H1TMAKERS	189
Pede B	King Lil Jay	188
Pede B	Monique Mai	188
Pede B	JACOB SKYGG	188
Pede B	ELOQ	195
Pede B	Capone	188
Pede B	The Number	188
Pede B	Clemens	194
Pede B	MC Swan	189
Pede B	Juan Almajid	188
Pede B	IGÅR.IDAG	188
Pede B	F L E M M I N G (DNK)	188
Pede B	Murro	194
Pede B	Opiden	189
Pede B	Barbara Moleko	194
Pede B	MC Einar	189
Pede B	Khal Allan	189
Pede B	Mike Raw	190
Pede B	Nick Coldhands	189
Pede B	Fabeldyret	189
Pede B	Humme	189
Pede B	Solo Solito	189
Pede B	Kamilia Amélie	189
Pede B	Ash Beats Production	189
Pede B	Sticky Steph	189
Pede B	Jinix (DNK)	189
Pede B	Niki Bernard	190
Pede B	Mista Mat	189
Pede B	Nappion	190
Pede B	Kasper Spez	189
Pede B	DJ Profile	189
Pede B	Bryxtofte	190
Pede B	NEMO (DNK)	188
Pede B	​hvem	188
Pede B	Kilo Peter	188
Pede B	Atilla	190
Pede B	Joan Ørting	188
Pede B	Frit Løb	188
Pede B	​supa (DNK)	188
Pede B	Claus Bergmann	188
Pede B	Kristian Funder	188
Pede B	HOST (dnk)	188
Pede B	MIC (DNK)	189
Pede B	Manndark	188
Pede B	Mc Einar	217
Xabski	BUBU (DNK)	36
Xabski	KEWAN LIGGER BEATET NORMALT	49
Xabski	Shakz	31
Xabski	Alasow	31
Xabski	Young Juu	31
Xabski	Cartel89	31
Xabski	T&O	42
Xabski	Palaze	31
Xabski	Bechir Chabbi	32
Xabski	PAY (DNK)	33
Xabski	Jimilian	74
Xabski	Sivas	53
Xabski	Papito (DNK)	31
Xabski	Jeppe Rønn	33
Xabski	PakiNextDoor	32
Xabski	Kephoi	37
Xabski	Mike Lowrey	41
Xabski	Asmus Harm	39
Xabski	Emil Harm	40
Xabski	Abcitoo	31
Xabski	Ozz6y	31
Xabski	I$WAAL	31
Xabski	Carl Sydow	31
Xabski	Victor Hejslet	31
Xabski	AK (DNK)	31
Xabski	Shooter Belly	31
Xabski	Bro	31
Xabski	AlsBeatz	32
Xabski	Can Cetin	32
Xabski	Baloosh	56
ICEKIID	Mo the Producer	55
ICEKIID	Slow-Mo	55
ICEKIID	Harm Brothers	60
ICEKIID	Okay Funky	55
ICEKIID	Nicki Pooyandeh	71
ICEKIID	Cannibal Records	55
ICEKIID	Hossy	62
ICEKIID	Arto Eriksen	57
ICEKIID	Hennedub	67
ICEKIID	Lamin	70
ICEKIID	KEWAN LIGGER BEATET NORMALT	73
ICEKIID	Emil Harm	64
ICEKIID	Asmus Harm	63
ICEKIID	Frost (DNK)	56
ICEKIID	MarcieFresh	58
ICEKIID	HaKeem	56
ICEKIID	J-Mix	56
ICEKIID	Marco Rahim	58
ICEKIID	Izhar Iz	56
ICEKIID	Amin A1	56
ICEKIID	GULEED	56
ICEKIID	T&O	66
ICEKIID	KJ	55
ICEKIID	Isam B	55
ICEKIID	Jay-B Bisgaard	55
ICEKIID	Saqib	56
ICEKIID	Naoui	55
ICEKIID	​wicky	56
ICEKIID	william (FIN)	55
ICEKIID	​takenoelz	55
ICEKIID	Pablo Paz	55
ICEKIID	Young Vibez Productions	55
ICEKIID	Elias Abbas	55
ICEKIID	K27	55
ICEKIID	Di Genius	55
ICEKIID	Benjamin Lasnier	58
ICEKIID	Pilfinger	62
ICEKIID	Diztortion	55
ICEKIID	P3 Din Gata	55
ICEKIID	Citybois	84
Malk De Koijn	Tue Track	19
Malk De Koijn	Blæs Bukki	12
Malk De Koijn	Geolo G	12
Malk De Koijn	Andullah S	12
Malk De Koijn	Malk de Koijn	12
Malk De Koijn	Jokeren	15
Malk De Koijn	Humleridderne	14
Malk De Koijn	Per Vers	15
Malk De Koijn	Klart Dér	12
Malk De Koijn	Isbjerg	12
Malk De Koijn	Kølig Kaj	12
Østkyst Hustlers	DJ Peyk	10
Østkyst Hustlers	Einar Enemark	9
Østkyst Hustlers	Jo-C-Fine	8
Østkyst Hustlers	Al Agami	9
Østkyst Hustlers	Humleridderne	10
Østkyst Hustlers	Kenneth K	8
Østkyst Hustlers	Camille Jones	8
Lord Siva	Vera	51
Lord Siva	Peter Lützen	47
Lord Siva	Pharfar	50
Lord Siva	Klumben	51
Lord Siva	Carsten Heller	49
Lord Siva	ELOQ	54
Lord Siva	Niels Brandt	49
Lord Siva	Jacob Bech-Hansen	48
Lord Siva	Hennedub	59
Lord Siva	Carl Barsk	54
Lord Siva	Fresh-I	51
Lord Siva	Noodle	48
Lord Siva	Stig Brenner	48
Lord Siva	Adam Hillebrandt	55
Lord Siva	Emil Falk	54
Lord Siva	Frederik Nordsø	57
Lord Siva	Fridolin Nordsø	59
Lord Siva	Musti Mousetee	49
Lord Siva	Jonathan Schultz (DNK)	48
Lord Siva	Matsmoments	48
Lord Siva	Andreas Murga	50
Lord Siva	Victor Groth	48
Lord Siva	Necklace	47
Lord Siva	​tais	54
Lord Siva	Jens Ole McCoy	58
Lord Siva	Nature Boy (DNK)	47
Lord Siva	Mads Muurholm	48
Lord Siva	Ella Augusta	49
Lord Siva	MAS	55
Lord Siva	Arto Eriksen	49
Lord Siva	Thomas Helmig	50
Lord Siva	Ben Legit	49
Lord Siva	Nicki Pooyandeh	63
Lord Siva	Yangze	47
Lord Siva	Mathias Klysner	49
Lord Siva	Danni Toma	48
Nixen	Albert (DNK)	37
Nixen	DJ Noize	36
Nixen	Novum	35
Nixen	Skurken	41
Nixen	MarcieFresh	35
Nixen	L.O.C.	42
Nixen	Kaaliyah	32
Nixen	David Benja	34
Nixen	Isaac Kasule	35
Nixen	Donny	32
Nixen	Dayzon	34
Nixen	Marwan	38
Nixen	4Pro	33
Nixen	Bai-D	38
Nixen	Gio (DNK)	43
Nixen	Hasan Shah	34
Nixen	Adam Hillebrandt	40
Nixen	DJ Rune (DNK)	32
Nixen	Alberte	35
Nixen	Loke Deph	37
Nixen	Mvh. Emil	32
Nixen	Mortito	32
Nixen	LuxXx	35
Nixen	Stik Op	33
Nixen	Marco Sewohl	33
Nixen	Esben “Es” Thornhal	36
Nixen	Semphiz	43
Nixen	Jens Frederik Wang	32
Jooks	Atilla	41
Jooks	Tue Track	46
Jooks	Orgi-E	52
Jooks	Jonathan Elkær	46
Jooks	Karen Rosenberg	39
Jooks	Jøden	41
Jooks	Jonny Hefty	42
Jooks	Jokeren	42
Jooks	Mikkel Mund	39
Jooks	Bai-D	45
Jooks	Tegnedrengen	39
Jooks	David Filskov	39
Jooks	Troo.L.S.	42
Jooks	Niarn	42
Jooks	Mester Jacob	42
Jooks	Peter Nørgaard	39
Jooks	Moses Fiellau-Nikolajsen	40
Jooks	Pelding	39
Jooks	THOR (producer)	39
Jooks	MC Jimmy	39
Jooks	Sphaeren	39
Jooks	Sund Fornuft	39
Jooks	René Cambony	42
Jooks	The Acorn	39
Jooks	Takt Og Tone	39
Jooks	Twajs	39
Jooks	KCL	39
Jooks	DJ Static (DNK)	40
Jooks	SuparDejen	40
Jooks	Cruz (DNK)	39
Jooks	Siegismund	39
Jooks	Nappion	41
Jooks	Jugs W.O.N.	39
Jooks	Humleridderne	41
Jooks	Rune Rask	138
ZK	PakiNextDoor	40
ZK	Sta2f	39
ZK	Sivas	61
ZK	SRVNY	39
ZK	ManLikeDeniz	40
ZK	David Dieu	41
ZK	KEWAN LIGGER BEATET NORMALT	57
ZK	AySay	40
ZK	RJacks & Masta	41
ZK	Gordon Ramz	42
ZK	Larry (DNK)	43
ZK	Fouli	47
ZK	Sidar Levira	39
ZK	Akhee	41
ZK	Apobeats (DNK)	42
ZK	Faustix	41
ZK	Navie	39
ZK	Oochie	43
ZK	Lorenzo Vizzini	39
ZK	Tag Team	39
ZK	Sachy Ramz	40
ZK	Mike Lowrey	49
ZK	OA453	39
ZK	ZK453	39
ZK	Balken	42
ZK	August Skovgaard Brinch	39
ZK	Albert Hogrefe Clausen	39
ZK	Ciampaz	39
ZK	Talk (Producer)	39
ZK	Shayan Nejad	39
ZK	Yungmadz	39
ZK	M4	39
ZK	DefBeats	39
ZK	Elias Roca	39
ZK	ElmoeDaDon	39
ZK	Moiyah	39
Rune Rask	Jonas Vestergaard	103
Rune Rask	Tabu	101
Rune Rask	Troo.L.S.	104
Rune Rask	Future Animals	102
Rune Rask	Krizz Kaliko	101
Rune Rask	Lukas Graham	110
Rune Rask	Lille Høg	103
Rune Rask	TooManyLeftHands	103
Rune Rask	Søren-William Hardam Nohns	105
Rune Rask	Esben Zefting	105
Rune Rask	Lounge Lizzards	101
Rune Rask	Tina Dickow	103
Rune Rask	Pitchshifters	103
Rune Rask	Lasse Lyngbo	101
Rune Rask	Simon Jul	105
Rune Rask	Fribytterdrømme	103
Rune Rask	Simon Kvamm	102
Rune Rask	David “Dehiro” Mørup	103
Rune Rask	Orgi-E	114
Rune Rask	USSEL	101
Rune Rask	Niklas	102
Rune Rask	Tue Track	108
Rune Rask	Olle Häggberg	102
Rune Rask	Albert (DNK)	106
Rune Rask	L.O.C.	111
Rune Rask	Rasmus Malone	101
Rune Rask	Redur Akram Hussein	102
Rune Rask	Ashibah	101
Rune Rask	KEWAN LIGGER BEATET NORMALT	119
Rune Rask	Livid	110
Rune Rask	Sivas	123
Rune Rask	Jonathan Elkær	108
Rune Rask	Anne Linnet	105
Rune Rask	USO	103
Rune Rask	Marwan	107
Rune Rask	Johan Olsen	101
Rune Rask	Prinz John	101
Rune Rask	Tech N9ne	101
Rune Rask	Hennedub	113
Rune Rask	Nella (DNK)	101
Rune Rask	Bjarke Winther	101
Rune Rask	MIKE SUMMERS	101
Rune Rask	​​andreas odbjerg	108
Rune Rask	Bai-D	107
Rune Rask	Alexander Malone	101
Rune Rask	Henrik Janson	101
Rune Rask	Simon Littauer	101
Rune Rask	MØ	102
Rune Rask	Scarlet Pleasure	103
Rune Rask	ELOQ	108
Rune Rask	Om’Mas Keith	101
Rune Rask	F.I.P.	101
Rune Rask	Helgi Jonsson	101
Rune Rask	Jokeren	104
Rune Rask	Ronni Vindahl	103
Rune Rask	HEDEGAARD	107
Rune Rask	Ivan Jackson	101
Rune Rask	Illpremizz	101
Rune Rask	Miles Blessing	101
Rune Rask	Aqua	102
Rune Rask	Søren Kjærgaard	102
Rune Rask	Louis Winding	105
Rune Rask	Clemens	107
Rune Rask	Kælderposen	102
Rune Rask	Jeppe Rapp	101
Rune Rask	Alex Ambrose	103
Rune Rask	Sachy Ramz	102
Rune Rask	Sidste Niveau	102
Rune Rask	Diego (DNK)	102
Rune Rask	Vincent Kottkamp	101
Rune Rask	Bryxtofte	103
Rune Rask	L:ron:harald	101
Rune Rask	​Johnson	107
Rune Rask	Niarn	104
Rune Rask	Mester Jacob	104
Rune Rask	Peter Sloth	101
Rune Rask	Wafande	108
Rune Rask	‎vol som	101
Rune Rask	Hampenberg	101
Rune Rask	Laurent Proneur	101
Rune Rask	Magnus Engelbrechtsen	101
Rune Rask	Sahra da Silva	101
Rune Rask	Mike Hawkins	101
Rune Rask	Søren Christensen	103
Rune Rask	Rune RK	101
Rune Rask	Xander Crxtical	101
Rune Rask	Frederik Scharff	101
Rune Rask	Alexander Skjold	101
Rune Rask	Sebastian Fogh	101
Rune Rask	Anders Hvass	101
Rune Rask	LAU IV	101
Mc Einar	Jørgen Juul	31
Mc Einar	DJ Peyk	33
Mc Einar	Einar Enemark	32
Mc Einar	MC Einar	32
Mc Einar	Jazzy H	31
Mc Einar	Bossy Bo	31
Mc Einar	Opiden	32
Mc Einar	Barbara Moleko	37
Mc Einar	Per Vers	34
Mc Einar	Khal Allan	32
Mc Einar	Mike Raw	33
Mc Einar	Nick Coldhands	32
Mc Einar	Jonny Hefty	34
Mc Einar	Fabeldyret	32
Mc Einar	Humme	32
Mc Einar	Solo Solito	32
Mc Einar	Kamilia Amélie	32
Mc Einar	Ash Beats Production	32
Mc Einar	J-Spliff	33
Mc Einar	Sticky Steph	32
Mc Einar	Jinix (DNK)	32
Mc Einar	Niki Bernard	33
Mc Einar	Cab (DNK)	33
Mc Einar	Mista Mat	32
Mc Einar	Nappion	33
Mc Einar	Kasper Spez	32
Mc Einar	DJ Profile	32
Mc Einar	LuxXx	34
Mc Einar	Esben “Es” Thornhal	35
Smøgmænd	Hieronymus Bosch (Rapper)	3
Smøgmænd	Pieter Claesz	3
USTABIL	Nikolai Højberg	2
Lil Mazda	OLIVVER	18
Lil Mazda	Ayy 131520	18
Lil Mazda	Valter Hvid	18
Lil Mazda	Yung Asti	18
Lil Mazda	Bby (DNK)	18
Lil Mazda	Lil Hawaii	18
Lil Mazda	Lille Høg	20
Lil Mazda	Sød Soba	18
Lil Mazda	Lille Fucker	18
Lil Mazda	Thomas Pozar	18
Lil Mazda	Lillebittebock	18
Lil Mazda	Gutterne	18
Lil Mazda	Mazdaholic	18
Lil Mazda	Eichen	18
Lil Mazda	Pind Diesel	18
Lil Mazda	Jenzo	18
Lil Mazda	Pis	18
BasedBoys	Mads Emil Heitmann	8
BasedBoys	Andreas Krüger	9
BasedBoys	MAAN (DNK)	8
BasedBoys	Sebastian Igens	10
BasedBoys	Carl Altino	11
BasedBoys	FisseFred	8
BasedBoys	Densygmike	8
Citybois	Carl Barsk	38
Citybois	Mads Lundegaard	34
Citybois	Jeppe London	34
Citybois	Skinz (DNK)	37
Citybois	SLY	35
Citybois	Rasmus Stabell	33
Citybois	Harm Brothers	36
Citybois	Lil Producer	34
Citybois	Young Bong	33
Citybois	Emil Stabil	33
Citybois	BUBU (DNK)	36
Citybois	LukasBL	37
Citybois	Hossy	38
Citybois	Michael Williams	33
Citybois	Providers	37
Citybois	Scarlet Pleasure	33
Citybois	David “Dehiro” Mørup	33
Citybois	Jonathan Elkær	38
Citybois	Frederik Nordsø	41
Citybois	Fridolin Nordsø	43
Citybois	Julius Aars	31
Citybois	Kristian Leth	32
Citybois	Tice (DNK)	35
Citybois	Louis Nordsø	33
Citybois	Ulrik Schultz	33
Jimilian	6ix9ine	48
Jimilian	Ceci Luca	45
Jimilian	Blak	46
Jimilian	TKD	45
Jimilian	HEDEGAARD	51
Jimilian	Fouli	53
Jimilian	BesiMadeThis	45
Jimilian	KEWAN LIGGER BEATET NORMALT	63
Jimilian	Naji The Pilot	45
Jimilian	Julian Barfoed	45
Jimilian	Gio (DNK)	56
Jimilian	Skinz (DNK)	51
Jimilian	Stine (DNK)	45
Jimilian	Daniel Davidsen	45
Jimilian	Mirza	45
Jimilian	Benjamin Lasnier	48
Jimilian	Emil Falk	52
Jimilian	Katie Keller	45
Jimilian	Apobeats (DNK)	48
Jimilian	ZEL	45
Jimilian	Dayme	46
Jimilian	Mohammedreza Khani	45
Jimilian	Reza	48
Jimilian	BUBU (DNK)	50
Jimilian	Poeten	45
Jimilian	Livid	54
Jimilian	Michael Pærremand	46
Jimilian	Heatmaky	45
Jimilian	Pilfinger	52
Jimilian	L.O.C.	55
Jimilian	Alex Skrindo	46
Jimilian	Slim Kofi	45
Baloosh	Mo-J (DNK)	27
Baloosh	Kulturen	27
Baloosh	Kephoi	33
Baloosh	Mike Lowrey	37
Baloosh	Omar (DNK)	29
Baloosh	Bechir Chabbi	28
Baloosh	Cha-D	28
Baloosh	TVRISMO	27
Baloosh	Shooter Gang	27
Baloosh	PAY (DNK)	29
Baloosh	Mikkel Wedel Bønløkke Larsen	27
Baloosh	Anders Mogensen	27
Baloosh	L.O.C.	37
Baloosh	BJØRN (DNK)	28
Baloosh	Herbio	27
Baloosh	Kasper Svare	31
Baloosh	Villads Sofus Bertelsen	30
Baloosh	Mekdes	27
Baloosh	Oochie	31
Baloosh	Jeppe Rønn	29
Baloosh	KEWAN LIGGER BEATET NORMALT	45
Baloosh	GUZO	27
Baloosh	Kamelen	28
Baloosh	August Møller Fogh	28
Phlake	Jonathan Elkær	28
Phlake	Troo.L.S.	24
Phlake	Louis Winding	25
Phlake	Alina Baraz	21
Phlake	Mercedes the Virus	21
Phlake	Chris Lake	21
Phlake	Vera	25
Phlake	Coco O.	23
Phlake	Robin Hannibal	21
Phlake	Awinbeh	23
Phlake	Esthero	21
Phlake	Che Lingo	21
Phlake	Jada	26
Phlake	August Møller Fogh	22
Phlake	Joeboy	21
Phlake	Gorgeous (DNK)	21
Phlake	​eee gee	21
Phlake	Soon (DNK)	21
Phlake	Selma Higgins	21
Phlake	ILMA (DNK)	21
